-- --------------------------------------------------------
-- Host:                         127.0.0.1
-- Server version:               5.6.38 - MySQL Community Server (GPL)
-- Server OS:                    Win32
-- HeidiSQL Version:             9.5.0.5196
-- --------------------------------------------------------

/*!40101 SET @OLD_CHARACTER_SET_CLIENT=@@CHARACTER_SET_CLIENT */;
/*!40101 SET NAMES utf8 */;
/*!50503 SET NAMES utf8mb4 */;
/*!40014 SET @OLD_FOREIGN_KEY_CHECKS=@@FOREIGN_KEY_CHECKS, FOREIGN_KEY_CHECKS=0 */;
/*!40101 SET @OLD_SQL_MODE=@@SQL_MODE, SQL_MODE='NO_AUTO_VALUE_ON_ZERO' */;


-- Dumping database structure for alfurat-responsive
CREATE DATABASE IF NOT EXISTS `alfurat-responsive` /*!40100 DEFAULT CHARACTER SET utf8 */;
USE `alfurat-responsive`;

-- Dumping structure for table alfurat-responsive.action_recorder
CREATE TABLE IF NOT EXISTS `action_recorder` (
  `id` int(11) NOT NULL AUTO_INCREMENT,
  `module` varchar(255) COLLATE utf8_unicode_ci NOT NULL,
  `user_id` int(11) DEFAULT NULL,
  `user_name` varchar(255) COLLATE utf8_unicode_ci DEFAULT NULL,
  `identifier` varchar(255) COLLATE utf8_unicode_ci NOT NULL,
  `success` char(1) COLLATE utf8_unicode_ci DEFAULT NULL,
  `date_added` datetime NOT NULL,
  PRIMARY KEY (`id`),
  KEY `idx_action_recorder_module` (`module`),
  KEY `idx_action_recorder_user_id` (`user_id`),
  KEY `idx_action_recorder_identifier` (`identifier`),
  KEY `idx_action_recorder_date_added` (`date_added`)
) ENGINE=InnoDB AUTO_INCREMENT=2 DEFAULT CHARSET=utf8 COLLATE=utf8_unicode_ci;

-- Dumping data for table alfurat-responsive.action_recorder: ~0 rows (approximately)
/*!40000 ALTER TABLE `action_recorder` DISABLE KEYS */;
INSERT INTO `action_recorder` (`id`, `module`, `user_id`, `user_name`, `identifier`, `success`, `date_added`) VALUES
	(1, 'ar_admin_login', 1, 'admin', '127.0.0.1', '1', '2018-07-12 11:46:03');
/*!40000 ALTER TABLE `action_recorder` ENABLE KEYS */;

-- Dumping structure for table alfurat-responsive.address_book
CREATE TABLE IF NOT EXISTS `address_book` (
  `address_book_id` int(11) NOT NULL AUTO_INCREMENT,
  `customers_id` int(11) NOT NULL,
  `entry_gender` char(1) COLLATE utf8_unicode_ci DEFAULT NULL,
  `entry_company` varchar(255) COLLATE utf8_unicode_ci DEFAULT NULL,
  `entry_firstname` varchar(255) COLLATE utf8_unicode_ci NOT NULL,
  `entry_lastname` varchar(255) COLLATE utf8_unicode_ci NOT NULL,
  `entry_street_address` varchar(255) COLLATE utf8_unicode_ci NOT NULL,
  `entry_suburb` varchar(255) COLLATE utf8_unicode_ci DEFAULT NULL,
  `entry_postcode` varchar(255) COLLATE utf8_unicode_ci NOT NULL,
  `entry_city` varchar(255) COLLATE utf8_unicode_ci NOT NULL,
  `entry_state` varchar(255) COLLATE utf8_unicode_ci DEFAULT NULL,
  `entry_country_id` int(11) NOT NULL DEFAULT '0',
  `entry_zone_id` int(11) NOT NULL DEFAULT '0',
  PRIMARY KEY (`address_book_id`),
  KEY `idx_address_book_customers_id` (`customers_id`)
) ENGINE=InnoDB DEFAULT CHARSET=utf8 COLLATE=utf8_unicode_ci;

-- Dumping data for table alfurat-responsive.address_book: ~0 rows (approximately)
/*!40000 ALTER TABLE `address_book` DISABLE KEYS */;
/*!40000 ALTER TABLE `address_book` ENABLE KEYS */;

-- Dumping structure for table alfurat-responsive.address_format
CREATE TABLE IF NOT EXISTS `address_format` (
  `address_format_id` int(11) NOT NULL AUTO_INCREMENT,
  `address_format` varchar(128) COLLATE utf8_unicode_ci NOT NULL,
  `address_summary` varchar(48) COLLATE utf8_unicode_ci NOT NULL,
  PRIMARY KEY (`address_format_id`)
) ENGINE=InnoDB AUTO_INCREMENT=6 DEFAULT CHARSET=utf8 COLLATE=utf8_unicode_ci;

-- Dumping data for table alfurat-responsive.address_format: ~5 rows (approximately)
/*!40000 ALTER TABLE `address_format` DISABLE KEYS */;
INSERT INTO `address_format` (`address_format_id`, `address_format`, `address_summary`) VALUES
	(1, '$firstname $lastname$cr$streets$cr$city, $postcode$cr$statecomma$country', '$city / $country'),
	(2, '$firstname $lastname$cr$streets$cr$city, $state    $postcode$cr$country', '$city, $state / $country'),
	(3, '$firstname $lastname$cr$streets$cr$city$cr$postcode - $statecomma$country', '$state / $country'),
	(4, '$firstname $lastname$cr$streets$cr$city ($postcode)$cr$country', '$postcode / $country'),
	(5, '$firstname $lastname$cr$streets$cr$postcode $city$cr$country', '$city / $country');
/*!40000 ALTER TABLE `address_format` ENABLE KEYS */;

-- Dumping structure for table alfurat-responsive.administrators
CREATE TABLE IF NOT EXISTS `administrators` (
  `id` int(11) NOT NULL AUTO_INCREMENT,
  `user_name` varchar(255) CHARACTER SET utf8 COLLATE utf8_bin NOT NULL,
  `user_password` varchar(60) COLLATE utf8_unicode_ci NOT NULL,
  PRIMARY KEY (`id`)
) ENGINE=InnoDB AUTO_INCREMENT=2 DEFAULT CHARSET=utf8 COLLATE=utf8_unicode_ci;

-- Dumping data for table alfurat-responsive.administrators: ~0 rows (approximately)
/*!40000 ALTER TABLE `administrators` DISABLE KEYS */;
INSERT INTO `administrators` (`id`, `user_name`, `user_password`) VALUES
	(1, 'admin', '$P$DunC.yLAOLvoMMoLH02cWWrHMgCdYe.');
/*!40000 ALTER TABLE `administrators` ENABLE KEYS */;

-- Dumping structure for table alfurat-responsive.banners
CREATE TABLE IF NOT EXISTS `banners` (
  `banners_id` int(11) NOT NULL AUTO_INCREMENT,
  `banners_title` varchar(64) COLLATE utf8_unicode_ci NOT NULL,
  `banners_url` varchar(255) COLLATE utf8_unicode_ci NOT NULL,
  `banners_image` varchar(64) COLLATE utf8_unicode_ci NOT NULL,
  `banners_group` varchar(10) COLLATE utf8_unicode_ci NOT NULL,
  `banners_html_text` text COLLATE utf8_unicode_ci,
  `expires_impressions` int(7) DEFAULT '0',
  `expires_date` datetime DEFAULT NULL,
  `date_scheduled` datetime DEFAULT NULL,
  `date_added` datetime NOT NULL,
  `date_status_change` datetime DEFAULT NULL,
  `status` int(1) NOT NULL DEFAULT '1',
  PRIMARY KEY (`banners_id`),
  KEY `idx_banners_group` (`banners_group`)
) ENGINE=InnoDB AUTO_INCREMENT=6 DEFAULT CHARSET=utf8 COLLATE=utf8_unicode_ci;

-- Dumping data for table alfurat-responsive.banners: ~5 rows (approximately)
/*!40000 ALTER TABLE `banners` DISABLE KEYS */;
INSERT INTO `banners` (`banners_id`, `banners_title`, `banners_url`, `banners_image`, `banners_group`, `banners_html_text`, `expires_impressions`, `expires_date`, `date_scheduled`, `date_added`, `date_status_change`, `status`) VALUES
	(1, 'osCommerce', 'http://www.oscommerce.com', 'banners/oscommerce.gif', 'footer', '', 0, NULL, NULL, '2018-07-12 11:37:47', NULL, 1),
	(2, 'Slider', '', '160816_ALFurat_banner_1.jpg', 'footer', '', 0, NULL, NULL, '2018-07-12 12:13:39', '2018-07-12 12:13:42', 1),
	(3, 'slider-1', '', 'banners160816_ALFurat_banner_1.jpg', 'indexslide', '', 0, NULL, NULL, '2018-07-12 12:35:49', NULL, 1),
	(4, 'slider-2', '', '160819_ALFurat_banner_2.jpg', 'indexslide', '', 0, NULL, NULL, '2018-07-12 12:36:03', NULL, 1),
	(5, 'slider-3', '', '160822_ALFurat_banner_3.jpg', 'footer', '', 0, NULL, NULL, '2018-07-12 12:36:16', NULL, 1);
/*!40000 ALTER TABLE `banners` ENABLE KEYS */;

-- Dumping structure for table alfurat-responsive.banners_history
CREATE TABLE IF NOT EXISTS `banners_history` (
  `banners_history_id` int(11) NOT NULL AUTO_INCREMENT,
  `banners_id` int(11) NOT NULL,
  `banners_shown` int(5) NOT NULL DEFAULT '0',
  `banners_clicked` int(5) NOT NULL DEFAULT '0',
  `banners_history_date` datetime NOT NULL,
  PRIMARY KEY (`banners_history_id`),
  KEY `idx_banners_history_banners_id` (`banners_id`)
) ENGINE=InnoDB DEFAULT CHARSET=utf8 COLLATE=utf8_unicode_ci;

-- Dumping data for table alfurat-responsive.banners_history: ~0 rows (approximately)
/*!40000 ALTER TABLE `banners_history` DISABLE KEYS */;
/*!40000 ALTER TABLE `banners_history` ENABLE KEYS */;

-- Dumping structure for table alfurat-responsive.categories
CREATE TABLE IF NOT EXISTS `categories` (
  `categories_id` int(11) NOT NULL AUTO_INCREMENT,
  `categories_image` varchar(64) COLLATE utf8_unicode_ci DEFAULT NULL,
  `parent_id` int(11) NOT NULL DEFAULT '0',
  `sort_order` int(3) DEFAULT NULL,
  `date_added` datetime DEFAULT NULL,
  `last_modified` datetime DEFAULT NULL,
  PRIMARY KEY (`categories_id`),
  KEY `idx_categories_parent_id` (`parent_id`)
) ENGINE=InnoDB AUTO_INCREMENT=400008 DEFAULT CHARSET=utf8 COLLATE=utf8_unicode_ci;

-- Dumping data for table alfurat-responsive.categories: ~243 rows (approximately)
/*!40000 ALTER TABLE `categories` DISABLE KEYS */;
INSERT INTO `categories` (`categories_id`, `categories_image`, `parent_id`, `sort_order`, `date_added`, `last_modified`) VALUES
	(1, NULL, 0, 3, '2016-03-03 12:46:53', '2018-06-29 16:10:23'),
	(2, NULL, 1, 1, '2016-03-03 12:46:53', '2018-06-29 16:10:23'),
	(3, NULL, 0, 14, '2016-03-03 12:46:53', '2018-06-29 16:10:23'),
	(4, NULL, 3, 1, '2016-03-03 12:46:53', '2018-06-29 16:10:23'),
	(5, NULL, 0, 11, '2016-03-03 12:46:53', '2018-06-29 16:10:23'),
	(6, NULL, 5, 1, '2016-03-03 12:46:53', '2018-06-29 16:10:23'),
	(7, NULL, 0, 24, '2016-03-03 12:46:53', '2018-06-29 16:10:23'),
	(8, NULL, 7, 1, '2016-03-03 12:46:53', '2018-06-29 16:10:23'),
	(9, NULL, 7, 1, '2016-03-03 12:46:53', '2018-06-29 16:10:23'),
	(10, NULL, 0, 18, '2016-03-03 12:46:53', '2018-06-29 16:10:23'),
	(11, NULL, 10, 1, '2016-03-03 12:46:53', '2018-06-29 16:10:23'),
	(12, NULL, 0, 26, '2016-03-03 12:46:53', '2018-06-29 16:10:23'),
	(13, NULL, 12, 1, '2016-03-03 12:46:53', '2018-06-29 16:10:23'),
	(14, NULL, 5, 1, '2016-03-03 12:46:53', '2018-06-29 16:10:23'),
	(15, NULL, 0, 5, '2016-03-03 12:46:53', '2018-06-29 16:10:23'),
	(16, NULL, 15, 1, '2016-03-03 12:46:53', '2018-06-29 16:10:23'),
	(17, NULL, 0, 21, '2016-03-03 12:46:53', '2018-06-29 16:10:23'),
	(18, NULL, 17, 1, '2016-03-03 12:46:53', '2018-06-29 16:10:23'),
	(19, NULL, 0, 23, '2016-03-03 12:46:53', '2018-06-29 16:10:23'),
	(20, NULL, 19, 1, '2016-03-03 12:46:53', '2018-06-29 16:10:23'),
	(21, NULL, 15, 1, '2016-03-03 12:46:53', '2018-06-29 16:10:23'),
	(22, NULL, 0, 22, '2016-03-03 12:46:53', '2018-06-29 16:10:23'),
	(23, NULL, 22, 1, '2016-03-03 12:46:53', '2018-06-29 16:10:23'),
	(24, NULL, 23, 1, '2016-03-03 12:46:53', '2018-06-29 16:10:24'),
	(25, NULL, 10, 1, '2016-03-03 12:46:53', '2018-06-29 16:10:23'),
	(26, NULL, 23, 1, '2016-03-03 12:46:53', '2018-06-29 16:10:24'),
	(27, NULL, 0, 17, '2016-03-03 12:46:53', '2018-06-29 16:10:23'),
	(28, NULL, 27, 1, '2016-03-03 12:46:53', '2018-06-29 16:10:23'),
	(29, NULL, 22, 1, '2016-03-03 12:46:53', '2018-06-29 16:10:23'),
	(30, NULL, 23, 1, '2016-03-03 12:46:53', '2018-06-29 16:10:24'),
	(31, NULL, 0, 2, '2016-03-03 12:46:53', '2018-06-29 16:10:23'),
	(32, NULL, 31, 1, '2016-03-03 12:46:53', '2018-06-29 16:10:23'),
	(33, NULL, 0, 15, '2016-03-03 12:46:53', '2018-06-29 16:10:23'),
	(34, NULL, 33, 1, '2016-03-03 12:46:53', '2018-06-29 16:10:23'),
	(35, NULL, 27, 1, '2016-03-03 12:46:53', '2018-06-29 16:10:23'),
	(36, NULL, 27, 1, '2016-03-03 12:46:53', '2018-06-29 16:10:23'),
	(37, NULL, 5, 1, '2016-03-03 12:46:53', '2018-06-29 16:10:23'),
	(38, NULL, 27, 1, '2016-03-03 12:46:53', '2018-06-29 16:10:23'),
	(39, NULL, 27, 1, '2016-03-03 12:46:53', '2018-06-29 16:10:23'),
	(40, NULL, 27, 1, '2016-03-03 12:46:53', '2018-06-29 16:10:23'),
	(41, NULL, 10, 1, '2016-03-03 12:46:53', '2018-06-29 16:10:23'),
	(42, NULL, 23, 1, '2016-03-03 12:46:53', '2018-06-29 16:10:24'),
	(43, NULL, 5, 1, '2016-03-03 12:46:53', '2018-06-29 16:10:23'),
	(44, NULL, 5, 1, '2016-03-03 12:46:53', '2018-06-29 16:10:23'),
	(45, NULL, 5, 1, '2016-03-03 12:46:53', '2018-06-29 16:10:23'),
	(46, NULL, 5, 1, '2016-03-03 12:46:53', '2018-06-29 16:10:23'),
	(47, NULL, 0, 25, '2016-03-03 12:46:53', '2018-06-29 16:10:23'),
	(48, NULL, 47, 1, '2016-08-05 03:16:21', '2018-06-29 16:10:23'),
	(49, NULL, 10, 1, '2016-03-03 12:46:53', '2018-06-29 16:10:23'),
	(50, NULL, 31, 1, '2016-03-03 12:46:53', '2018-06-29 16:10:23'),
	(51, NULL, 33, 1, '2016-03-03 12:46:53', '2018-06-29 16:10:23'),
	(52, NULL, 33, 1, '2016-03-03 12:46:53', '2018-06-29 16:10:23'),
	(53, NULL, 33, 1, '2016-03-03 12:46:53', '2018-06-29 16:10:23'),
	(54, NULL, 1, 1, '2016-03-03 12:46:53', '2018-06-29 16:10:23'),
	(55, NULL, 33, 1, '2016-03-03 12:46:53', '2018-06-29 16:10:23'),
	(56, NULL, 33, 1, '2016-03-03 12:46:53', '2018-06-29 16:10:23'),
	(57, NULL, 0, 13, '2016-03-03 12:46:53', '2018-06-29 16:10:23'),
	(58, NULL, 57, 1, '2016-03-03 12:46:53', '2018-06-29 16:10:23'),
	(59, NULL, 57, 1, '2016-03-03 12:46:53', '2018-06-29 16:10:23'),
	(60, NULL, 12, 1, '2016-09-21 08:25:52', '2018-06-29 16:10:23'),
	(61, NULL, 12, 1, '2016-03-03 12:46:53', '2018-06-29 16:10:23'),
	(62, NULL, 0, 10, '2016-03-03 12:46:53', '2018-06-29 16:10:23'),
	(63, NULL, 62, 1, '2016-03-03 12:46:53', '2018-06-29 16:10:23'),
	(64, NULL, 15, 1, '2016-08-19 06:57:21', '2018-06-29 16:10:23'),
	(65, NULL, 7, 1, '2016-03-03 12:46:53', '2018-06-29 16:10:23'),
	(66, NULL, 27, 1, '2016-03-03 12:46:53', '2018-06-29 16:10:23'),
	(67, NULL, 31, 1, '2016-03-03 12:46:53', '2018-06-29 16:10:23'),
	(68, NULL, 31, 1, '2016-03-03 12:46:53', '2018-06-29 16:10:23'),
	(69, NULL, 17, 1, '2016-03-03 12:46:53', '2018-06-29 16:10:23'),
	(70, NULL, 33, 1, '2016-03-03 12:46:53', '2018-06-29 16:10:23'),
	(71, NULL, 19, 1, '2016-03-03 12:46:53', '2018-06-29 16:10:23'),
	(72, NULL, 33, 1, '2016-03-03 12:46:53', '2018-06-29 16:10:23'),
	(73, NULL, 17, 1, '2016-03-03 12:46:53', '2018-06-29 16:10:23'),
	(74, NULL, 19, 1, '2016-03-03 12:46:53', '2018-06-29 16:10:23'),
	(75, NULL, 19, 1, '2016-03-03 12:46:53', '2018-06-29 16:10:23'),
	(76, NULL, 19, 1, '2016-03-03 12:46:53', '2018-06-29 16:10:23'),
	(77, NULL, 0, 1, '2016-03-03 12:46:53', '2018-06-29 16:10:23'),
	(78, NULL, 77, 1, '2016-03-03 12:46:53', '2018-06-29 16:10:23'),
	(79, NULL, 19, 1, '2016-03-03 12:46:53', '2018-06-29 16:10:23'),
	(80, NULL, 19, 1, '2016-03-03 12:46:53', '2018-06-29 16:10:23'),
	(81, NULL, 19, 1, '2016-03-03 12:46:53', '2018-06-29 16:10:23'),
	(82, NULL, 81, 1, '2016-03-03 12:46:53', '2018-06-29 16:10:24'),
	(83, NULL, 77, 1, '2016-08-15 05:49:12', '2018-06-29 16:10:23'),
	(84, NULL, 19, 1, '2016-03-03 12:46:53', '2018-06-29 16:10:23'),
	(85, NULL, 19, 1, '2016-03-03 12:46:53', '2018-06-29 16:10:23'),
	(86, NULL, 31, 1, '2016-03-03 12:46:53', '2018-06-29 16:10:23'),
	(87, NULL, 22, 1, '2016-03-03 12:46:53', '2018-06-29 16:10:23'),
	(88, NULL, 0, 12, '2016-03-03 12:46:53', '2018-06-29 16:10:23'),
	(89, NULL, 88, 1, '2016-03-03 12:46:53', '2018-06-29 16:10:23'),
	(90, NULL, 1, 1, '2016-03-03 12:46:53', '2018-06-29 16:10:23'),
	(91, NULL, 10, 1, '2016-03-03 12:46:53', '2018-06-29 16:10:23'),
	(92, NULL, 5, 1, '2016-03-03 12:46:53', '2018-06-29 16:10:23'),
	(93, NULL, 3, 1, '2016-03-03 12:46:53', '2018-06-29 16:10:23'),
	(94, NULL, 1, 1, '2016-03-03 12:46:53', '2018-06-29 16:10:23'),
	(95, NULL, 33, 1, '2016-03-03 12:46:53', '2018-06-29 16:10:23'),
	(96, NULL, 3, 1, '2016-03-03 12:46:53', '2018-06-29 16:10:23'),
	(97, NULL, 7, 1, '2016-03-03 12:46:53', '2018-06-29 16:10:23'),
	(98, NULL, 0, 8, '2016-03-03 12:46:53', '2018-06-29 16:10:23'),
	(99, NULL, 98, 1, '2016-10-06 04:32:45', '2018-06-29 16:10:23'),
	(100, NULL, 22, 1, '2016-03-03 12:46:53', '2018-06-29 16:10:23'),
	(101, NULL, 100, 1, '2016-03-03 12:46:53', '2018-06-29 16:10:24'),
	(102, NULL, 100, 1, '2016-03-03 12:46:53', '2018-06-29 16:10:24'),
	(103, NULL, 31, 1, '2016-03-03 12:46:53', '2018-06-29 16:10:23'),
	(104, NULL, 0, 9, '2016-03-03 12:46:53', '2018-06-29 16:10:23'),
	(105, NULL, 104, 1, '2016-03-03 12:46:53', '2018-06-29 16:10:23'),
	(106, NULL, 22, 1, '2016-03-03 12:46:53', '2018-06-29 16:10:23'),
	(107, NULL, 7, 1, '2016-03-03 12:46:53', '2018-06-29 16:10:23'),
	(108, NULL, 27, 1, '2016-03-03 12:46:53', '2018-06-29 16:10:23'),
	(109, NULL, 31, 1, '2016-03-03 12:46:53', '2018-06-29 16:10:23'),
	(110, NULL, 23, 1, '2016-03-03 12:46:53', '2018-06-29 16:10:24'),
	(111, NULL, 5, 1, '2016-03-03 12:46:53', '2018-06-29 16:10:23'),
	(112, NULL, 62, 1, '2016-03-03 12:46:53', '2018-06-29 16:10:23'),
	(113, NULL, 62, 1, '2016-03-03 12:46:53', '2018-06-29 16:10:23'),
	(114, NULL, 12, 1, '2016-06-30 05:46:59', '2018-06-29 16:10:23'),
	(115, NULL, 88, 1, '2016-03-03 12:46:53', '2018-06-29 16:10:23'),
	(116, NULL, 57, 1, '2016-03-03 12:46:53', '2018-06-29 16:10:23'),
	(117, NULL, 1, 1, '2016-03-03 12:46:53', '2018-06-29 16:10:23'),
	(118, NULL, 23, 1, '2016-03-03 12:46:53', '2018-06-29 16:10:24'),
	(119, NULL, 33, 1, '2016-03-03 12:46:53', '2018-06-29 16:10:23'),
	(120, NULL, 23, 1, '2016-03-03 12:46:53', '2018-06-29 16:10:24'),
	(121, NULL, 0, 20, '2016-03-03 12:46:53', '2018-06-29 16:10:23'),
	(122, NULL, 121, 1, '2016-03-03 12:46:53', '2018-06-29 16:10:23'),
	(123, NULL, 47, 1, '2016-03-03 12:46:53', '2018-06-29 16:10:23'),
	(124, NULL, 47, 1, '2018-06-08 10:11:07', '2018-06-18 08:57:54'),
	(125, NULL, 47, 1, '2016-03-03 12:46:53', '2018-06-29 16:10:23'),
	(126, NULL, 47, 1, '2016-08-02 04:15:01', '2018-06-29 16:10:23'),
	(127, NULL, 98, 1, '2016-08-24 09:07:10', '2018-06-29 16:10:23'),
	(128, NULL, 127, 1, '2016-08-24 09:07:10', '2018-06-29 16:10:24'),
	(129, NULL, 27, 1, '2016-03-03 12:46:53', '2018-06-29 16:10:23'),
	(130, NULL, 98, 1, '2016-03-03 12:46:53', '2018-06-29 16:10:23'),
	(131, NULL, 0, 6, '2016-03-03 12:46:53', '2018-06-29 16:10:23'),
	(132, NULL, 131, 1, '2018-06-08 10:11:07', '2018-06-18 08:57:54'),
	(133, NULL, 77, 1, '2016-04-20 04:59:38', '2018-06-29 16:10:23'),
	(134, NULL, 0, 7, '2016-03-03 12:46:53', '2018-06-29 16:10:23'),
	(135, NULL, 134, 1, '2016-03-03 12:46:53', '2018-06-29 16:10:23'),
	(136, NULL, 98, 1, '2016-03-03 12:46:53', '2018-06-29 16:10:23'),
	(137, NULL, 98, 1, '2016-10-06 04:32:45', '2018-06-29 16:10:23'),
	(138, NULL, 17, 1, '2016-03-03 12:46:53', '2018-06-29 16:10:23'),
	(139, NULL, 1, 1, '2016-03-03 12:46:53', '2018-06-29 16:10:23'),
	(140, NULL, 23, 1, '2016-03-03 12:46:53', '2018-06-29 16:10:24'),
	(141, NULL, 121, 1, '2016-03-03 12:46:53', '2018-06-29 16:10:23'),
	(142, NULL, 1, 1, '2016-03-03 12:46:53', '2018-06-29 16:10:23'),
	(143, NULL, 12, 1, '2016-03-03 12:46:53', '2018-06-29 16:10:23'),
	(144, NULL, 15, 1, '2016-03-03 12:46:53', '2018-06-29 16:10:23'),
	(145, NULL, 31, 1, '2016-03-03 12:46:53', '2018-06-29 16:10:23'),
	(146, NULL, 31, 1, '2016-03-03 12:46:53', '2018-06-29 16:10:23'),
	(147, NULL, 131, 1, '2016-03-03 12:46:53', '2018-06-29 16:10:23'),
	(148, NULL, 15, 1, '2016-03-03 12:46:53', '2018-06-29 16:10:23'),
	(149, NULL, 15, 1, '2016-03-03 12:46:53', '2018-06-29 16:10:23'),
	(150, NULL, 62, 1, '2016-03-03 12:46:53', '2018-06-29 16:10:23'),
	(151, NULL, 27, 1, '2016-03-03 12:46:53', '2018-06-29 16:10:23'),
	(152, NULL, 12, 1, '2016-03-03 12:46:53', '2018-06-29 16:10:23'),
	(153, NULL, 23, 1, '2016-03-03 12:46:53', '2018-06-29 16:10:24'),
	(154, NULL, 134, 1, '2016-08-19 06:57:21', '2018-06-29 16:10:23'),
	(155, NULL, 33, 1, '2016-08-22 07:29:19', '2018-06-29 16:10:23'),
	(156, NULL, 12, 1, '2016-03-03 12:46:53', '2018-06-29 16:10:23'),
	(157, NULL, 62, 1, '2016-09-16 02:37:52', '2018-06-29 16:10:23'),
	(158, NULL, 134, 1, '2016-03-03 12:46:53', '2018-06-29 16:10:23'),
	(159, NULL, 97, 1, '2016-08-30 05:44:35', '2018-06-29 16:10:24'),
	(160, NULL, 12, 1, '2016-08-19 06:57:21', '2018-06-29 16:10:23'),
	(161, NULL, 47, 1, '2018-06-08 10:11:07', '2018-06-18 08:57:54'),
	(162, NULL, 47, 1, '2016-11-10 08:24:12', '2018-06-29 16:10:23'),
	(163, NULL, 121, 1, '2016-03-03 12:46:53', '2018-06-29 16:10:23'),
	(164, NULL, 31, 1, '2016-03-03 12:46:53', '2018-06-29 16:10:23'),
	(165, NULL, 131, 1, '2016-03-03 12:46:53', '2018-06-29 16:10:23'),
	(166, NULL, 1, 1, '2016-03-03 12:46:53', '2018-06-29 16:10:23'),
	(167, NULL, 1, 1, '2016-03-03 12:46:53', '2018-06-29 16:10:23'),
	(168, NULL, 1, 1, '2016-03-03 12:46:53', '2018-06-29 16:10:23'),
	(169, NULL, 131, 1, '2016-03-03 12:46:53', '2018-06-29 16:10:23'),
	(170, NULL, 98, 1, '2018-06-08 10:11:07', '2018-06-18 08:57:54'),
	(171, NULL, 127, 1, '2018-06-08 10:11:07', '2018-06-18 08:57:55'),
	(172, NULL, 127, 1, '2016-10-06 04:32:45', '2018-06-29 16:10:24'),
	(173, NULL, 127, 1, '2018-06-08 10:11:07', '2018-06-18 08:57:55'),
	(174, NULL, 17, 1, '2016-03-03 12:46:53', '2018-06-29 16:10:23'),
	(175, NULL, 19, 1, '2016-04-20 04:59:38', '2018-06-29 16:10:23'),
	(176, NULL, 134, 1, '2018-06-08 10:11:07', '2018-06-18 08:57:54'),
	(177, NULL, 77, 1, '2016-04-20 04:59:38', '2018-06-29 16:10:23'),
	(178, NULL, 77, 1, '2016-03-03 12:46:53', '2018-06-29 16:10:23'),
	(179, NULL, 31, 1, '2016-03-03 12:46:53', '2018-06-29 16:10:23'),
	(180, NULL, 27, 1, '2016-03-03 12:46:53', '2018-06-29 16:10:23'),
	(181, NULL, 88, 1, '2016-03-03 12:46:53', '2018-06-29 16:10:23'),
	(182, NULL, 1, 1, '2016-03-03 12:46:53', '2018-06-29 16:10:23'),
	(183, NULL, 1, 1, '2016-03-03 12:46:53', '2018-06-29 16:10:23'),
	(184, NULL, 1, 1, '2016-03-03 12:46:53', '2018-06-29 16:10:23'),
	(185, NULL, 5, 1, '2016-03-03 12:46:53', '2018-06-29 16:10:23'),
	(186, NULL, 31, 1, '2016-03-03 12:46:53', '2018-06-29 16:10:23'),
	(187, NULL, 100, 1, '2016-03-03 12:46:53', '2018-06-29 16:10:24'),
	(188, NULL, 131, 1, '2017-02-15 06:43:44', '2018-06-29 16:10:23'),
	(189, NULL, 1, 1, '2016-03-03 12:46:53', '2018-06-29 16:10:23'),
	(190, NULL, 127, 1, '2018-05-29 13:57:16', '2018-06-29 16:10:24'),
	(191, NULL, 127, 1, '2018-06-08 10:11:07', '2018-06-18 08:57:55'),
	(192, NULL, 127, 1, '2018-06-08 10:11:07', '2018-06-18 08:57:55'),
	(193, NULL, 12, 1, '2016-04-20 04:59:38', '2018-06-29 16:10:23'),
	(194, NULL, 98, 1, '2016-11-24 03:26:01', '2018-06-29 16:10:23'),
	(195, NULL, 47, 1, '2018-06-08 10:11:07', '2018-06-29 16:10:23'),
	(196, NULL, 47, 1, '2017-02-15 06:43:44', '2018-06-18 08:57:54'),
	(197, NULL, 127, 1, '2016-10-06 04:32:45', '2018-06-29 16:10:24'),
	(198, NULL, 5, 1, '2016-03-03 12:46:53', '2018-06-29 16:10:23'),
	(199, NULL, 134, 1, '2016-03-03 12:46:53', '2018-06-29 16:10:23'),
	(200, NULL, 134, 1, '2018-05-29 13:57:16', '2018-06-29 16:10:23'),
	(201, NULL, 134, 1, '2016-03-03 12:46:53', '2018-06-29 16:10:23'),
	(202, NULL, 104, 1, '2016-03-03 12:46:53', '2018-06-29 16:10:23'),
	(203, NULL, 77, 1, '2016-08-30 05:44:35', '2018-06-29 16:10:23'),
	(204, NULL, 100, 1, '2016-03-03 12:46:53', '2018-06-29 16:10:24'),
	(205, NULL, 27, 1, '2016-03-03 12:46:53', '2018-06-29 16:10:23'),
	(206, NULL, 27, 1, '2016-03-03 12:46:53', '2018-06-29 16:10:23'),
	(207, NULL, 47, 1, '2016-08-17 07:33:52', '2018-06-29 16:10:23'),
	(208, NULL, 134, 1, '2016-08-17 07:33:52', '2018-06-29 16:10:23'),
	(209, NULL, 97, 1, '2016-10-21 08:32:13', '2018-06-29 16:10:24'),
	(210, NULL, 74, 1, '2018-04-16 09:17:32', '2018-06-29 16:10:24'),
	(211, NULL, 98, 1, '2016-08-24 04:57:08', '2018-06-29 16:10:23'),
	(212, NULL, 98, 1, '2016-10-06 04:32:45', '2018-06-29 16:10:23'),
	(213, NULL, 1, 1, '2016-03-03 12:46:53', '2018-06-29 16:10:23'),
	(214, NULL, 134, 1, '2018-06-08 10:11:07', '2018-06-18 08:57:54'),
	(215, NULL, 127, 1, '2018-06-08 10:11:07', '2018-06-18 08:57:55'),
	(216, NULL, 127, 1, '2018-06-08 10:11:07', '2018-06-18 08:57:55'),
	(217, NULL, 137, 1, '2016-10-06 04:32:45', '2018-06-29 16:10:24'),
	(218, NULL, 137, 1, '2018-06-08 10:11:07', '2018-06-18 08:57:55'),
	(219, NULL, 127, 1, '2018-06-08 10:11:07', '2018-06-18 08:57:55'),
	(220, NULL, 137, 1, '2018-06-08 10:11:07', '2018-06-18 08:57:55'),
	(221, NULL, 98, 1, '2016-08-19 06:57:21', '2018-06-29 16:10:23'),
	(222, NULL, 137, 1, '2018-06-08 10:11:07', '2018-06-18 08:57:55'),
	(223, NULL, 127, 1, '2018-06-08 10:11:07', '2018-06-18 08:57:55'),
	(225, NULL, 31, 1, '2016-03-03 12:46:53', '2018-06-29 16:10:23'),
	(227, NULL, 31, 1, '2016-04-20 04:59:38', '2018-06-29 16:10:23'),
	(228, NULL, 27, 1, '2016-04-20 04:59:38', '2018-06-29 16:10:23'),
	(229, NULL, 7, 1, '2016-07-22 03:17:17', '2018-06-29 16:10:23'),
	(230, NULL, 33, 1, '2016-11-03 04:19:10', '2018-06-29 16:10:23'),
	(231, NULL, 0, 4, '2017-01-30 02:28:21', '2018-06-29 16:10:23'),
	(232, NULL, 231, 1, '2017-01-30 02:28:21', '2018-06-29 16:10:23'),
	(233, NULL, 31, 1, '2018-02-16 14:37:41', '2018-06-29 16:10:23'),
	(234, NULL, 227, 1, '2018-02-16 14:37:41', '2018-06-18 08:57:55'),
	(235, NULL, 33, 1, '2018-02-28 20:43:08', '2018-06-29 16:10:23'),
	(236, NULL, 1, 1, '2018-04-20 09:55:55', '2018-06-29 16:10:23'),
	(300000, '', 0, 19, NULL, NULL),
	(400000, '', 0, 16, NULL, NULL),
	(400001, NULL, 300000, 0, '2016-10-28 05:24:53', '2017-07-06 07:44:47'),
	(400002, NULL, 300000, 0, '2016-10-28 08:44:41', '2017-07-06 07:45:01'),
	(400003, NULL, 300000, 1, '2016-10-31 06:25:43', '2017-07-06 07:45:07'),
	(400004, NULL, 300000, 0, '2017-01-12 06:52:56', NULL),
	(400005, NULL, 300000, 0, '2018-04-13 10:38:31', NULL),
	(400006, NULL, 300000, 1, '2018-04-16 21:16:12', NULL),
	(400007, NULL, 300000, 1, '2018-04-16 22:27:20', NULL);
/*!40000 ALTER TABLE `categories` ENABLE KEYS */;

-- Dumping structure for table alfurat-responsive.categories_description
CREATE TABLE IF NOT EXISTS `categories_description` (
  `categories_id` int(11) NOT NULL DEFAULT '0',
  `language_id` int(11) NOT NULL DEFAULT '1',
  `categories_name` varchar(32) COLLATE utf8_unicode_ci NOT NULL,
  `categories_description` text COLLATE utf8_unicode_ci,
  `categories_seo_description` text COLLATE utf8_unicode_ci,
  `categories_seo_keywords` varchar(128) COLLATE utf8_unicode_ci DEFAULT NULL,
  `categories_seo_title` varchar(128) COLLATE utf8_unicode_ci DEFAULT NULL,
  PRIMARY KEY (`categories_id`,`language_id`),
  KEY `idx_categories_name` (`categories_name`)
) ENGINE=InnoDB DEFAULT CHARSET=utf8 COLLATE=utf8_unicode_ci;

-- Dumping data for table alfurat-responsive.categories_description: ~695 rows (approximately)
/*!40000 ALTER TABLE `categories_description` DISABLE KEYS */;
INSERT INTO `categories_description` (`categories_id`, `language_id`, `categories_name`, `categories_description`, `categories_seo_description`, `categories_seo_keywords`, `categories_seo_title`) VALUES
	(1, 1, 'Bibliography & Diaries', NULL, NULL, NULL, NULL),
	(1, 3, 'Ø¨Ø¨Ù„ÙŠÙˆØºØ±Ø§ÙÙŠØ§ ÙˆÙ…Ø°ÙƒØ', NULL, NULL, NULL, NULL),
	(1, 9, 'Ø¨Ø¨Ù„ÙŠÙˆØºØ±Ø§ÙÙŠØ§ ÙˆÙ…Ø°ÙƒØ', NULL, NULL, NULL, NULL),
	(2, 1, 'Philosophers', NULL, NULL, NULL, NULL),
	(2, 3, 'ÙÙ„Ø§Ø³ÙØ©', NULL, NULL, NULL, NULL),
	(2, 9, 'ÙÙ„Ø§Ø³ÙØ©', NULL, NULL, NULL, NULL),
	(3, 1, 'Legends', NULL, NULL, NULL, NULL),
	(3, 3, 'Ø£Ø³Ø§Ø·ÙŠØ±', NULL, NULL, NULL, NULL),
	(3, 9, 'Ø£Ø³Ø§Ø·ÙŠØ±', NULL, NULL, NULL, NULL),
	(4, 1, 'Legends', NULL, NULL, NULL, NULL),
	(4, 3, 'Ø£Ø³Ø§Ø·ÙŠØ±', NULL, NULL, NULL, NULL),
	(4, 9, 'Ø£Ø³Ø§Ø·ÙŠØ±', NULL, NULL, NULL, NULL),
	(5, 1, 'History & Geography', NULL, NULL, NULL, NULL),
	(5, 3, 'ØªØ§Ø±ÙŠØ® ÙˆØ¬ØºØ±Ø§ÙÙŠØ§', NULL, NULL, NULL, NULL),
	(5, 9, 'ØªØ§Ø±ÙŠØ® ÙˆØ¬ØºØ±Ø§ÙÙŠØ§', NULL, NULL, NULL, NULL),
	(6, 1, 'Fertile Crescent', NULL, NULL, NULL, NULL),
	(6, 3, 'Ø§Ù„Ù‡Ù„Ø§Ù„ Ø§Ù„Ø®ØµÙŠØ¨', NULL, NULL, NULL, NULL),
	(6, 9, 'Ø§Ù„Ù‡Ù„Ø§Ù„ Ø§Ù„Ø®ØµÙŠØ¨', NULL, NULL, NULL, NULL),
	(7, 1, 'Social Sciences', NULL, NULL, NULL, NULL),
	(7, 3, 'Ø¹Ù„ÙˆÙ… Ø¥Ø¬ØªÙ…Ø§Ø¹ÙŠØ©', NULL, NULL, NULL, NULL),
	(7, 9, 'Ø¹Ù„ÙˆÙ… Ø¥Ø¬ØªÙ…Ø§Ø¹ÙŠØ©', NULL, NULL, NULL, NULL),
	(8, 1, 'Sociology', NULL, NULL, NULL, NULL),
	(8, 3, 'Ø¹Ù„Ù… Ø¥Ø¬ØªÙ…Ø§Ø¹', NULL, NULL, NULL, NULL),
	(8, 9, 'Ø¹Ù„Ù… Ø¥Ø¬ØªÙ…Ø§Ø¹', NULL, NULL, NULL, NULL),
	(9, 1, 'Demography', NULL, NULL, NULL, NULL),
	(9, 3, 'Ø¹Ù„Ù… Ø§Ù„Ø³ÙƒØ§Ù†', NULL, NULL, NULL, NULL),
	(9, 9, 'Ø¹Ù„Ù… Ø§Ù„Ø³ÙƒØ§Ù†', NULL, NULL, NULL, NULL),
	(10, 1, 'Politics', NULL, NULL, NULL, NULL),
	(10, 3, 'Ø³ÙŠØ§Ø³Ø©', NULL, NULL, NULL, NULL),
	(10, 9, 'Ø³ÙŠØ§Ø³Ø©', NULL, NULL, NULL, NULL),
	(11, 1, 'Political Thoughts', NULL, NULL, NULL, NULL),
	(11, 3, 'ÙÙƒØ± Ø³ÙŠØ§Ø³ÙŠ', NULL, NULL, NULL, NULL),
	(11, 9, 'ÙÙƒØ± Ø³ÙŠØ§Ø³ÙŠ', NULL, NULL, NULL, NULL),
	(12, 1, 'Women & family', NULL, NULL, NULL, NULL),
	(12, 3, 'Ø§Ù„Ù…Ø±Ø£Ø© ÙˆØ§Ù„Ø¹Ø§Ø¦Ù„Ø©', NULL, NULL, NULL, NULL),
	(12, 9, 'Ø§Ù„Ù…Ø±Ø£Ø© ÙˆØ§Ù„Ø¹Ø§Ø¦Ù„Ø©', NULL, NULL, NULL, NULL),
	(13, 1, 'Women\'s Affairs', NULL, NULL, NULL, NULL),
	(13, 3, 'Ø´Ø¤ÙˆÙ† Ø§Ù„Ù…Ø±Ø£Ø©', NULL, NULL, NULL, NULL),
	(13, 9, 'Ø´Ø¤ÙˆÙ† Ø§Ù„Ù…Ø±Ø£Ø©', NULL, NULL, NULL, NULL),
	(14, 1, 'Historical Studies', NULL, NULL, NULL, NULL),
	(14, 3, 'Ø¯Ø±Ø§Ø³Ø§Øª ØªØ§Ø±ÙŠØ®ÙŠØ©', NULL, NULL, NULL, NULL),
	(14, 9, 'Ø¯Ø±Ø§Ø³Ø§Øª ØªØ§Ø±ÙŠØ®ÙŠØ©', NULL, NULL, NULL, NULL),
	(15, 1, 'Business & Economics', NULL, NULL, NULL, NULL),
	(15, 3, 'Ø¥Ù‚ØªØµØ§Ø¯ ÙˆØ£Ø¹Ù…Ø§Ù„', NULL, NULL, NULL, NULL),
	(15, 9, 'Ø¥Ù‚ØªØµØ§Ø¯ ÙˆØ£Ø¹Ù…Ø§Ù„', NULL, NULL, NULL, NULL),
	(16, 1, 'Development', NULL, NULL, NULL, NULL),
	(16, 3, 'Ø§Ù„ØªÙ†Ù…ÙŠØ©', NULL, NULL, NULL, NULL),
	(16, 9, 'Ø§Ù„ØªÙ†Ù…ÙŠØ©', NULL, NULL, NULL, NULL),
	(17, 1, 'References', NULL, NULL, NULL, NULL),
	(17, 3, 'Ù…Ø±Ø§Ø¬Ø¹', NULL, NULL, NULL, NULL),
	(17, 9, 'Ù…Ø±Ø§Ø¬Ø¹', NULL, NULL, NULL, NULL),
	(18, 1, 'Dictionaries', NULL, NULL, NULL, NULL),
	(18, 3, 'Ù…Ø¹Ø§Ø¬Ù…', NULL, NULL, NULL, NULL),
	(18, 9, 'Ù…Ø¹Ø§Ø¬Ù…', NULL, NULL, NULL, NULL),
	(19, 1, 'Science and Nature', NULL, NULL, NULL, NULL),
	(19, 3, 'Ø§Ù„Ø¹Ù„ÙˆÙ… ÙˆØ§Ù„Ø·Ø¨ÙŠØ¹Ø©', NULL, NULL, NULL, NULL),
	(19, 9, 'Ø§Ù„Ø¹Ù„ÙˆÙ… ÙˆØ§Ù„Ø·Ø¨ÙŠØ¹Ø©', NULL, NULL, NULL, NULL),
	(20, 1, 'Applied Sciences', NULL, NULL, NULL, NULL),
	(20, 3, 'Ø¹Ù„ÙˆÙ… ØªØ·Ø¨ÙŠÙ‚ÙŠØ©', NULL, NULL, NULL, NULL),
	(20, 9, 'Ø¹Ù„ÙˆÙ… ØªØ·Ø¨ÙŠÙ‚ÙŠØ©', NULL, NULL, NULL, NULL),
	(21, 1, 'Economy', NULL, NULL, NULL, NULL),
	(21, 3, 'Ø¥Ù‚ØªØµØ§Ø¯', NULL, NULL, NULL, NULL),
	(21, 9, 'Ø¥Ù‚ØªØµØ§Ø¯', NULL, NULL, NULL, NULL),
	(22, 1, 'Religion', NULL, NULL, NULL, NULL),
	(22, 3, 'Ø¯ÙŠÙ†', NULL, NULL, NULL, NULL),
	(22, 9, 'Ø¯ÙŠÙ†', NULL, NULL, NULL, NULL),
	(23, 1, 'Islam', NULL, NULL, NULL, NULL),
	(23, 3, 'Ø§Ù„Ø¥Ø³Ù„Ø§Ù…', NULL, NULL, NULL, NULL),
	(23, 9, 'Ø§Ù„Ø¥Ø³Ù„Ø§Ù…', NULL, NULL, NULL, NULL),
	(24, 1, 'Doctrine', NULL, NULL, NULL, NULL),
	(24, 3, 'ÙÙ‚Ù‡', NULL, NULL, NULL, NULL),
	(24, 9, 'ÙÙ‚Ù‡', NULL, NULL, NULL, NULL),
	(25, 1, 'International Politics', NULL, NULL, NULL, NULL),
	(25, 3, 'Ø³ÙŠØ§Ø³Ø© Ø¯ÙˆÙ„ÙŠØ©', NULL, NULL, NULL, NULL),
	(25, 9, 'Ø³ÙŠØ§Ø³Ø© Ø¯ÙˆÙ„ÙŠØ©', NULL, NULL, NULL, NULL),
	(26, 1, 'Islamic Community', NULL, NULL, NULL, NULL),
	(26, 3, 'Ø§Ù„Ù…Ø¬ØªÙ…Ø¹ Ø§Ù„Ø¥Ø³Ù„Ø§Ù…ÙŠ', NULL, NULL, NULL, NULL),
	(26, 9, 'Ø§Ù„Ù…Ø¬ØªÙ…Ø¹ Ø§Ù„Ø¥Ø³Ù„Ø§Ù…ÙŠ', NULL, NULL, NULL, NULL),
	(27, 1, 'Philosophy', NULL, NULL, NULL, NULL),
	(27, 3, 'ÙÙ„Ø³ÙØ©', NULL, NULL, NULL, NULL),
	(27, 9, 'ÙÙ„Ø³ÙØ©', NULL, NULL, NULL, NULL),
	(28, 1, 'History of Philosophy', NULL, NULL, NULL, NULL),
	(28, 3, 'ØªØ§Ø±ÙŠØ® Ø§Ù„ÙÙ„Ø³ÙØ©', NULL, NULL, NULL, NULL),
	(28, 9, 'ØªØ§Ø±ÙŠØ® Ø§Ù„ÙÙ„Ø³ÙØ©', NULL, NULL, NULL, NULL),
	(29, 1, 'Other Religions', NULL, NULL, NULL, NULL),
	(29, 3, 'Ø¯ÙŠØ§Ù†Ø§Øª Ø£Ø®Ø±Ù‰', NULL, NULL, NULL, NULL),
	(29, 9, 'Ø¯ÙŠØ§Ù†Ø§Øª Ø£Ø®Ø±Ù‰', NULL, NULL, NULL, NULL),
	(30, 1, 'Islamic Political System', NULL, NULL, NULL, NULL),
	(30, 3, 'Ø§Ù„Ù†Ø¸Ø§Ù… Ø§Ù„Ø³ÙŠØ§Ø³ÙŠ Ø§Ù„', NULL, NULL, NULL, NULL),
	(30, 9, 'Ø§Ù„Ù†Ø¸Ø§Ù… Ø§Ù„Ø³ÙŠØ§Ø³ÙŠ Ø§Ù„', NULL, NULL, NULL, NULL),
	(31, 1, 'Arts', NULL, NULL, NULL, NULL),
	(31, 3, 'ÙÙ†ÙˆÙ†', NULL, NULL, NULL, NULL),
	(31, 9, 'ÙÙ†ÙˆÙ†', NULL, NULL, NULL, NULL),
	(32, 1, 'Art History', NULL, NULL, NULL, NULL),
	(32, 3, 'ØªØ§Ø±ÙŠØ® Ø§Ù„ÙÙ†', NULL, NULL, NULL, NULL),
	(32, 9, 'ØªØ§Ø±ÙŠØ® Ø§Ù„ÙÙ†', NULL, NULL, NULL, NULL),
	(33, 1, 'Literature', NULL, NULL, NULL, NULL),
	(33, 3, 'Ø£Ø¯Ø¨', NULL, NULL, NULL, NULL),
	(33, 9, 'Ø£Ø¯Ø¨', NULL, NULL, NULL, NULL),
	(34, 1, 'Poetry', NULL, NULL, NULL, NULL),
	(34, 3, 'Ø´Ø¹Ø±', NULL, NULL, NULL, NULL),
	(34, 9, 'Ø´Ø¹Ø±', NULL, NULL, NULL, NULL),
	(35, 1, 'Reflections', NULL, NULL, NULL, NULL),
	(35, 3, 'ØªØ£Ù…Ù„Ø§Øª', NULL, NULL, NULL, NULL),
	(35, 9, 'ØªØ£Ù…Ù„Ø§Øª', NULL, NULL, NULL, NULL),
	(36, 1, 'Western Philosophy', NULL, NULL, NULL, NULL),
	(36, 3, 'ÙÙ„Ø³ÙØ© ØºØ±Ø¨ÙŠØ©', NULL, NULL, NULL, NULL),
	(36, 9, 'ÙÙ„Ø³ÙØ© ØºØ±Ø¨ÙŠØ©', NULL, NULL, NULL, NULL),
	(37, 1, 'Geography', NULL, NULL, NULL, NULL),
	(37, 3, 'Ø¬ØºØ±Ø§ÙÙŠØ§', NULL, NULL, NULL, NULL),
	(37, 9, 'Ø¬ØºØ±Ø§ÙÙŠØ§', NULL, NULL, NULL, NULL),
	(38, 1, 'knowledge', NULL, NULL, NULL, NULL),
	(38, 3, 'Ù…Ø¹Ø±ÙØ©', NULL, NULL, NULL, NULL),
	(38, 9, 'Ù…Ø¹Ø±ÙØ©', NULL, NULL, NULL, NULL),
	(39, 1, 'Philosophical Doctrines', NULL, NULL, NULL, NULL),
	(39, 3, 'Ù…Ø°Ø§Ù‡Ø¨ ÙÙ„Ø³ÙÙŠØ©', NULL, NULL, NULL, NULL),
	(39, 9, 'Ù…Ø°Ø§Ù‡Ø¨ ÙÙ„Ø³ÙÙŠØ©', NULL, NULL, NULL, NULL),
	(40, 1, 'Oriental Philosophy', NULL, NULL, NULL, NULL),
	(40, 3, 'ÙÙ„Ø³ÙØ© Ø´Ø±Ù‚ÙŠØ©', NULL, NULL, NULL, NULL),
	(40, 9, 'ÙÙ„Ø³ÙØ© Ø´Ø±Ù‚ÙŠØ©', NULL, NULL, NULL, NULL),
	(41, 1, 'Political Process', NULL, NULL, NULL, NULL),
	(41, 3, 'Ø§Ù„Ø¹Ù…Ù„ÙŠØ© Ø§Ù„Ø³ÙŠØ§Ø³ÙŠØ©', NULL, NULL, NULL, NULL),
	(41, 9, 'Ø§Ù„Ø¹Ù…Ù„ÙŠØ© Ø§Ù„Ø³ÙŠØ§Ø³ÙŠØ©', NULL, NULL, NULL, NULL),
	(42, 1, 'Islamic Sections', NULL, NULL, NULL, NULL),
	(42, 3, 'ÙØ±Ù‚ Ø¥Ø³Ù„Ø§Ù…ÙŠØ©', NULL, NULL, NULL, NULL),
	(42, 9, 'ÙØ±Ù‚ Ø¥Ø³Ù„Ø§Ù…ÙŠØ©', NULL, NULL, NULL, NULL),
	(43, 1, 'Arab World', NULL, NULL, NULL, NULL),
	(43, 3, 'Ø§Ù„Ø¹Ø§Ù„Ù… Ø§Ù„Ø¹Ø±Ø¨ÙŠ', NULL, NULL, NULL, NULL),
	(43, 9, 'Ø§Ù„Ø¹Ø§Ù„Ù… Ø§Ù„Ø¹Ø±Ø¨ÙŠ', NULL, NULL, NULL, NULL),
	(44, 1, 'Arabian Gulf', NULL, NULL, NULL, NULL),
	(44, 3, 'Ø§Ù„Ø®Ù„ÙŠØ¬ Ø§Ù„Ø¹Ø±Ø¨ÙŠ', NULL, NULL, NULL, NULL),
	(44, 9, 'Ø§Ù„Ø®Ù„ÙŠØ¬ Ø§Ù„Ø¹Ø±Ø¨ÙŠ', NULL, NULL, NULL, NULL),
	(45, 1, 'Europe', NULL, NULL, NULL, NULL),
	(45, 3, 'Ø£ÙˆØ±ÙˆØ¨Ø§', NULL, NULL, NULL, NULL),
	(45, 9, 'Ø£ÙˆØ±ÙˆØ¨Ø§', NULL, NULL, NULL, NULL),
	(46, 1, 'Arabic Morocco', NULL, NULL, NULL, NULL),
	(46, 3, 'Ø§Ù„Ù…ØºØ±Ø¨ Ø§Ù„Ø¹Ø±Ø¨ÙŠ', NULL, NULL, NULL, NULL),
	(46, 9, 'Ø§Ù„Ù…ØºØ±Ø¨ Ø§Ù„Ø¹Ø±Ø¨ÙŠ', NULL, NULL, NULL, NULL),
	(47, 1, 'Sports & Entertainment', NULL, NULL, NULL, NULL),
	(47, 3, 'Ø±ÙŠØ§Ø¶Ø© ÙˆØªØ³Ø§Ù„ÙŠ', NULL, NULL, NULL, NULL),
	(47, 9, 'Ø±ÙŠØ§Ø¶Ø© ÙˆØªØ³Ø§Ù„ÙŠ', NULL, NULL, NULL, NULL),
	(48, 1, 'General Sports', NULL, NULL, NULL, NULL),
	(48, 3, 'Ø±ÙŠØ§Ø¶Ø© Ø¹Ø§Ù…Ø©', NULL, NULL, NULL, NULL),
	(48, 9, 'Ø±ÙŠØ§Ø¶Ø© Ø¹Ø§Ù…Ø©', NULL, NULL, NULL, NULL),
	(49, 1, 'The Arab-Zionist Conflict', NULL, NULL, NULL, NULL),
	(49, 3, 'Ø§Ù„ØµØ±Ø§Ø¹ Ø§Ù„Ø¹Ø±Ø¨ÙŠ-Ø§Ù„Øµ', NULL, NULL, NULL, NULL),
	(49, 9, 'Ø§Ù„ØµØ±Ø§Ø¹ Ø§Ù„Ø¹Ø±Ø¨ÙŠ-Ø§Ù„Øµ', NULL, NULL, NULL, NULL),
	(50, 1, 'Theatre', NULL, NULL, NULL, NULL),
	(50, 3, 'Ù…Ø³Ø±Ø­', NULL, NULL, NULL, NULL),
	(50, 9, 'Ù…Ø³Ø±Ø­', NULL, NULL, NULL, NULL),
	(51, 1, 'Literature Criticism', NULL, NULL, NULL, NULL),
	(51, 3, 'Ù†Ù‚Ø¯ Ø£Ø¯Ø¨ÙŠ', NULL, NULL, NULL, NULL),
	(51, 9, 'Ù†Ù‚Ø¯ Ø£Ø¯Ø¨ÙŠ', NULL, NULL, NULL, NULL),
	(52, 1, 'Literary Studies', NULL, NULL, NULL, NULL),
	(52, 3, 'Ø¯Ø±Ø§Ø³Ø§Øª Ø£Ø¯Ø¨ÙŠØ©', NULL, NULL, NULL, NULL),
	(52, 9, 'Ø¯Ø±Ø§Ø³Ø§Øª Ø£Ø¯Ø¨ÙŠØ©', NULL, NULL, NULL, NULL),
	(53, 1, 'Translated Novels', NULL, NULL, NULL, NULL),
	(53, 3, 'Ø£Ø¯Ø¨ Ø¹Ø§Ù„Ù…ÙŠ', NULL, NULL, NULL, NULL),
	(53, 9, 'Ø£Ø¯Ø¨ Ø¹Ø§Ù„Ù…ÙŠ', NULL, NULL, NULL, NULL),
	(54, 1, 'Literati', NULL, NULL, NULL, NULL),
	(54, 3, 'Ø£Ø¯Ø¨Ø§Ø¡', NULL, NULL, NULL, NULL),
	(54, 9, 'Ø£Ø¯Ø¨Ø§Ø¡', NULL, NULL, NULL, NULL),
	(55, 1, 'Articles', NULL, NULL, NULL, NULL),
	(55, 3, 'Ù†ØµÙˆØµ', NULL, NULL, NULL, NULL),
	(55, 9, 'Ù†ØµÙˆØµ', NULL, NULL, NULL, NULL),
	(56, 1, 'Stories', NULL, NULL, NULL, NULL),
	(56, 3, 'Ù‚ØµØµ', NULL, NULL, NULL, NULL),
	(56, 9, 'Ù‚ØµØµ', NULL, NULL, NULL, NULL),
	(57, 1, 'Language', NULL, NULL, NULL, NULL),
	(57, 3, 'Ù„ØºØ©', NULL, NULL, NULL, NULL),
	(57, 9, 'Ù„ØºØ©', NULL, NULL, NULL, NULL),
	(58, 1, 'Linguistics', NULL, NULL, NULL, NULL),
	(58, 3, 'Ø¹Ù„Ù… Ø§Ù„Ù„ØºØ©', NULL, NULL, NULL, NULL),
	(58, 9, 'Ø¹Ù„Ù… Ø§Ù„Ù„ØºØ©', NULL, NULL, NULL, NULL),
	(59, 1, 'Foreign Languages', NULL, NULL, NULL, NULL),
	(59, 3, 'Ù„ØºØ§Øª Ø£Ø¬Ù†Ø¨ÙŠØ©', NULL, NULL, NULL, NULL),
	(59, 9, 'Ù„ØºØ§Øª Ø£Ø¬Ù†Ø¨ÙŠØ©', NULL, NULL, NULL, NULL),
	(60, 1, 'Children', NULL, NULL, NULL, NULL),
	(60, 3, 'Ø£Ø·ÙØ§Ù„', NULL, NULL, NULL, NULL),
	(60, 9, 'Ø£Ø·ÙØ§Ù„', NULL, NULL, NULL, NULL),
	(61, 1, 'Beauty', NULL, NULL, NULL, NULL),
	(61, 3, 'Ø§Ù„Ø¬Ù…Ø§Ù„', NULL, NULL, NULL, NULL),
	(61, 9, 'Ø§Ù„Ø¬Ù…Ø§Ù„', NULL, NULL, NULL, NULL),
	(62, 1, 'Health', NULL, NULL, NULL, NULL),
	(62, 3, 'ØµØ­Ø©', NULL, NULL, NULL, NULL),
	(62, 9, 'ØµØ­Ø©', NULL, NULL, NULL, NULL),
	(63, 1, 'Prevention', NULL, NULL, NULL, NULL),
	(63, 3, 'ÙˆÙ‚Ø§ÙŠØ©', NULL, NULL, NULL, NULL),
	(63, 9, 'ÙˆÙ‚Ø§ÙŠØ©', NULL, NULL, NULL, NULL),
	(64, 1, 'Work & Workers', NULL, NULL, NULL, NULL),
	(64, 3, 'Ø§Ù„Ø¹Ù…Ù„ ÙˆØ§Ù„Ø¹Ù…Ø§Ù„', NULL, NULL, NULL, NULL),
	(64, 9, 'Ø§Ù„Ø¹Ù…Ù„ ÙˆØ§Ù„Ø¹Ù…Ø§Ù„', NULL, NULL, NULL, NULL),
	(65, 1, 'Law', NULL, NULL, NULL, NULL),
	(65, 3, 'Ù‚Ø§Ù†ÙˆÙ†', NULL, NULL, NULL, NULL),
	(65, 9, 'Ù‚Ø§Ù†ÙˆÙ†', NULL, NULL, NULL, NULL),
	(66, 1, 'Psychology', NULL, NULL, NULL, NULL),
	(66, 3, 'Ø¹Ù„Ù… Ø§Ù„Ù†ÙØ³', NULL, NULL, NULL, NULL),
	(66, 9, 'Ø¹Ù„Ù… Ø§Ù„Ù†ÙØ³', NULL, NULL, NULL, NULL),
	(67, 1, 'Drawing', NULL, NULL, NULL, NULL),
	(67, 3, 'Ø±Ø³Ù…', NULL, NULL, NULL, NULL),
	(67, 9, 'Ø±Ø³Ù…', NULL, NULL, NULL, NULL),
	(68, 1, 'Photography', NULL, NULL, NULL, NULL),
	(68, 3, 'ØªØµÙˆÙŠØ±', NULL, NULL, NULL, NULL),
	(68, 9, 'ØªØµÙˆÙŠØ±', NULL, NULL, NULL, NULL),
	(69, 1, 'Encyclopedias', NULL, NULL, NULL, NULL),
	(69, 3, 'Ù…ÙˆØ³ÙˆØ¹Ø§Øª', NULL, NULL, NULL, NULL),
	(69, 9, 'Ù…ÙˆØ³ÙˆØ¹Ø§Øª', NULL, NULL, NULL, NULL),
	(70, 1, 'Novels', NULL, NULL, NULL, NULL),
	(70, 3, 'Ø±ÙˆØ§ÙŠØ§Øª', NULL, NULL, NULL, NULL),
	(70, 9, 'Ø±ÙˆØ§ÙŠØ§Øª', NULL, NULL, NULL, NULL),
	(71, 1, 'Ruins', NULL, NULL, NULL, NULL),
	(71, 3, 'Ø¢Ø«Ø§Ø±', NULL, NULL, NULL, NULL),
	(71, 9, 'Ø¢Ø«Ø§Ø±', NULL, NULL, NULL, NULL),
	(72, 1, 'Complete Works', NULL, NULL, NULL, NULL),
	(72, 3, 'Ø£Ø¹Ù…Ø§Ù„ ÙƒØ§Ù…Ù„Ø©', NULL, NULL, NULL, NULL),
	(72, 9, 'Ø£Ø¹Ù…Ø§Ù„ ÙƒØ§Ù…Ù„Ø©', NULL, NULL, NULL, NULL),
	(73, 1, 'Science Libraries & Documentatio', NULL, NULL, NULL, NULL),
	(73, 3, 'Ø¹Ù„Ù… Ù…ÙƒØªØ¨Ø§Øª ÙˆØªÙˆØ«ÙŠÙ‚', NULL, NULL, NULL, NULL),
	(73, 9, 'Ø¹Ù„Ù… Ù…ÙƒØªØ¨Ø§Øª ÙˆØªÙˆØ«ÙŠÙ‚', NULL, NULL, NULL, NULL),
	(74, 1, 'Nature', NULL, NULL, NULL, NULL),
	(74, 3, 'Ø§Ù„Ø·Ø¨ÙŠØ¹Ø©', NULL, NULL, NULL, NULL),
	(74, 9, 'Ø§Ù„Ø·Ø¨ÙŠØ¹Ø©', NULL, NULL, NULL, NULL),
	(75, 1, 'Physics', NULL, NULL, NULL, NULL),
	(75, 3, 'ÙÙŠØ²ÙŠØ§Ø¡', NULL, NULL, NULL, NULL),
	(75, 9, 'ÙÙŠØ²ÙŠØ§Ø¡', NULL, NULL, NULL, NULL),
	(76, 1, 'Medicine', NULL, NULL, NULL, NULL),
	(76, 3, 'Ø§Ù„Ø·Ø¨', NULL, NULL, NULL, NULL),
	(76, 9, 'Ø§Ù„Ø·Ø¨', NULL, NULL, NULL, NULL),
	(77, 1, 'Agriculture', NULL, NULL, NULL, NULL),
	(77, 3, 'Ø²Ø±Ø§Ø¹Ø©', NULL, NULL, NULL, NULL),
	(77, 9, 'Ø²Ø±Ø§Ø¹Ø©', NULL, NULL, NULL, NULL),
	(78, 1, 'Zoology', NULL, NULL, NULL, NULL),
	(78, 3, 'Ø¹Ù„Ù… Ø§Ù„Ø­ÙŠÙˆØ§Ù†', NULL, NULL, NULL, NULL),
	(78, 9, 'Ø¹Ù„Ù… Ø§Ù„Ø­ÙŠÙˆØ§Ù†', NULL, NULL, NULL, NULL),
	(79, 1, 'Environment', NULL, NULL, NULL, NULL),
	(79, 3, 'Ø¨ÙŠØ¦Ø©', NULL, NULL, NULL, NULL),
	(79, 9, 'Ø¨ÙŠØ¦Ø©', NULL, NULL, NULL, NULL),
	(80, 1, 'Astronomy', NULL, NULL, NULL, NULL),
	(80, 3, 'Ø¹Ù„Ù… Ø§Ù„ÙÙ„Ùƒ', NULL, NULL, NULL, NULL),
	(80, 9, 'Ø¹Ù„Ù… Ø§Ù„ÙÙ„Ùƒ', NULL, NULL, NULL, NULL),
	(81, 1, 'Engineering', NULL, NULL, NULL, NULL),
	(81, 3, 'Ù‡Ù†Ø¯Ø³Ø©', NULL, NULL, NULL, NULL),
	(81, 9, 'Ù‡Ù†Ø¯Ø³Ø©', NULL, NULL, NULL, NULL),
	(82, 1, 'Electronics', NULL, NULL, NULL, NULL),
	(82, 3, 'Ø¥Ù„ÙƒØªØ±ÙˆÙ†ÙŠØ§Øª', NULL, NULL, NULL, NULL),
	(82, 9, 'Ø¥Ù„ÙƒØªØ±ÙˆÙ†ÙŠØ§Øª', NULL, NULL, NULL, NULL),
	(83, 1, 'General Agriculture', NULL, NULL, NULL, NULL),
	(83, 3, 'Ø²Ø±Ø§Ø¹Ø© Ø¹Ø§Ù…Ø©', NULL, NULL, NULL, NULL),
	(83, 9, 'Ø²Ø±Ø§Ø¹Ø© Ø¹Ø§Ù…Ø©', NULL, NULL, NULL, NULL),
	(84, 1, 'Chemistry', NULL, NULL, NULL, NULL),
	(84, 3, 'ÙƒÙŠÙ…ÙŠØ§Ø¡', NULL, NULL, NULL, NULL),
	(84, 9, 'ÙƒÙŠÙ…ÙŠØ§Ø¡', NULL, NULL, NULL, NULL),
	(85, 1, 'History of Science', NULL, NULL, NULL, NULL),
	(85, 3, 'ØªØ§Ø±ÙŠØ® Ø§Ù„Ø¹Ù„ÙˆÙ…', NULL, NULL, NULL, NULL),
	(85, 9, 'ØªØ§Ø±ÙŠØ® Ø§Ù„Ø¹Ù„ÙˆÙ…', NULL, NULL, NULL, NULL),
	(86, 1, 'Architectural Engineering', NULL, NULL, NULL, NULL),
	(86, 3, 'Ù‡Ù†Ø¯Ø³Ø© Ù…Ø¹Ù…Ø§Ø±ÙŠØ©', NULL, NULL, NULL, NULL),
	(86, 9, 'Ù‡Ù†Ø¯Ø³Ø© Ù…Ø¹Ù…Ø§Ø±ÙŠØ©', NULL, NULL, NULL, NULL),
	(87, 1, 'Comparisons', NULL, NULL, NULL, NULL),
	(87, 3, 'Ù…Ù‚Ø§Ø±Ù†Ø§Øª', NULL, NULL, NULL, NULL),
	(87, 9, 'Ù…Ù‚Ø§Ø±Ù†Ø§Øª', NULL, NULL, NULL, NULL),
	(88, 1, 'Journeis', NULL, NULL, NULL, NULL),
	(88, 3, 'Ø±Ø­Ù„Ø§Øª', NULL, NULL, NULL, NULL),
	(88, 9, 'Ø±Ø­Ù„Ø§Øª', NULL, NULL, NULL, NULL),
	(89, 1, 'Explorations', NULL, NULL, NULL, NULL),
	(89, 3, 'Ø¥Ø³ØªÙƒØ´Ø§ÙØ§Øª', NULL, NULL, NULL, NULL),
	(89, 9, 'Ø¥Ø³ØªÙƒØ´Ø§ÙØ§Øª', NULL, NULL, NULL, NULL),
	(90, 1, 'Politicians', NULL, NULL, NULL, NULL),
	(90, 3, 'Ø³ÙŠØ§Ø³ÙŠÙŠÙ†', NULL, NULL, NULL, NULL),
	(90, 9, 'Ø³ÙŠØ§Ø³ÙŠÙŠÙ†', NULL, NULL, NULL, NULL),
	(91, 1, 'Espionage', NULL, NULL, NULL, NULL),
	(91, 3, 'Ø¬Ø§Ø³ÙˆØ³ÙŠØ©', NULL, NULL, NULL, NULL),
	(91, 9, 'Ø¬Ø§Ø³ÙˆØ³ÙŠØ©', NULL, NULL, NULL, NULL),
	(92, 1, 'Asia', NULL, NULL, NULL, NULL),
	(92, 3, 'Ø¢Ø³ÙŠØ§', NULL, NULL, NULL, NULL),
	(92, 9, 'Ø¢Ø³ÙŠØ§', NULL, NULL, NULL, NULL),
	(93, 1, 'Secrets', NULL, NULL, NULL, NULL),
	(93, 3, 'Ø£Ø³Ø±Ø§Ø±', NULL, NULL, NULL, NULL),
	(93, 9, 'Ø£Ø³Ø±Ø§Ø±', NULL, NULL, NULL, NULL),
	(94, 1, 'Personage', NULL, NULL, NULL, NULL),
	(94, 3, 'Ø£Ø¹Ù„Ø§Ù…', NULL, NULL, NULL, NULL),
	(94, 9, 'Ø£Ø¹Ù„Ø§Ù…', NULL, NULL, NULL, NULL),
	(95, 1, 'Humor', NULL, NULL, NULL, NULL),
	(95, 3, 'Ø§Ù„Ù†ÙƒØªØ©', NULL, NULL, NULL, NULL),
	(95, 9, 'Ø§Ù„Ù†ÙƒØªØ©', NULL, NULL, NULL, NULL),
	(96, 1, 'Oddity', NULL, NULL, NULL, NULL),
	(96, 3, 'ØºØ±Ø§Ø¦Ø¨', NULL, NULL, NULL, NULL),
	(96, 9, 'ØºØ±Ø§Ø¦Ø¨', NULL, NULL, NULL, NULL),
	(97, 1, 'Education', NULL, NULL, NULL, NULL),
	(97, 3, 'Ø§Ù„ØªØ±Ø¨ÙŠØ© ÙˆØ§Ù„ØªØ¹Ù„ÙŠÙ…', NULL, NULL, NULL, NULL),
	(97, 9, 'Ø§Ù„ØªØ±Ø¨ÙŠØ© ÙˆØ§Ù„ØªØ¹Ù„ÙŠÙ…', NULL, NULL, NULL, NULL),
	(98, 1, 'Cooking', NULL, NULL, NULL, NULL),
	(98, 3, 'Ø·Ø¨Ø®', NULL, NULL, NULL, NULL),
	(98, 9, 'Ø·Ø¨Ø®', NULL, NULL, NULL, NULL),
	(99, 1, 'Vegetarian', NULL, NULL, NULL, NULL),
	(99, 3, 'Ù†Ø¨Ø§ØªÙŠ', NULL, NULL, NULL, NULL),
	(99, 9, 'Ù†Ø¨Ø§ØªÙŠ', NULL, NULL, NULL, NULL),
	(100, 1, 'Christianity', NULL, NULL, NULL, NULL),
	(100, 3, 'Ø§Ù„Ù…Ø³ÙŠØ­ÙŠØ©', NULL, NULL, NULL, NULL),
	(100, 9, 'Ø§Ù„Ù…Ø³ÙŠØ­ÙŠØ©', NULL, NULL, NULL, NULL),
	(101, 1, 'History of Christianity', NULL, NULL, NULL, NULL),
	(101, 3, 'ØªØ§Ø±ÙŠØ® Ø§Ù„Ù…Ø³ÙŠØ­ÙŠØ©', NULL, NULL, NULL, NULL),
	(101, 9, 'ØªØ§Ø±ÙŠØ® Ø§Ù„Ù…Ø³ÙŠØ­ÙŠØ©', NULL, NULL, NULL, NULL),
	(102, 1, 'Christian Churches', NULL, NULL, NULL, NULL),
	(102, 3, 'ÙƒÙ†Ø§Ø¦Ø³ Ù…Ø³ÙŠØ­ÙŠØ©', NULL, NULL, NULL, NULL),
	(102, 9, 'ÙƒÙ†Ø§Ø¦Ø³ Ù…Ø³ÙŠØ­ÙŠØ©', NULL, NULL, NULL, NULL),
	(103, 1, 'Artistic Studies', NULL, NULL, NULL, NULL),
	(103, 3, 'Ø¯Ø±Ø§Ø³Ø§Øª ÙÙ†ÙŠØ©', NULL, NULL, NULL, NULL),
	(103, 9, 'Ø¯Ø±Ø§Ø³Ø§Øª ÙÙ†ÙŠØ©', NULL, NULL, NULL, NULL),
	(104, 1, 'Customs & Traditions', NULL, NULL, NULL, NULL),
	(104, 3, 'Ø¹Ø§Ø¯Ø§Øª ÙˆØªÙ‚Ø§Ù„ÙŠØ¯', NULL, NULL, NULL, NULL),
	(104, 9, 'Ø¹Ø§Ø¯Ø§Øª ÙˆØªÙ‚Ø§Ù„ÙŠØ¯', NULL, NULL, NULL, NULL),
	(105, 1, 'General Customs', NULL, NULL, NULL, NULL),
	(105, 3, 'Ø¹Ø§Ø¯Ø§Øª Ø¹Ø§Ù…Ø©', NULL, NULL, NULL, NULL),
	(105, 9, 'Ø¹Ø§Ø¯Ø§Øª Ø¹Ø§Ù…Ø©', NULL, NULL, NULL, NULL),
	(106, 1, 'History of Religions', NULL, NULL, NULL, NULL),
	(106, 3, 'ØªØ§Ø±ÙŠØ® Ø§Ù„Ø¯ÙŠØ§Ù†Ø§Øª', NULL, NULL, NULL, NULL),
	(106, 9, 'ØªØ§Ø±ÙŠØ® Ø§Ù„Ø¯ÙŠØ§Ù†Ø§Øª', NULL, NULL, NULL, NULL),
	(107, 1, 'Military Science', NULL, NULL, NULL, NULL),
	(107, 3, 'Ø¹Ù„ÙˆÙ… Ø¹Ø³ÙƒØ±ÙŠØ©', NULL, NULL, NULL, NULL),
	(107, 9, 'Ø¹Ù„ÙˆÙ… Ø¹Ø³ÙƒØ±ÙŠØ©', NULL, NULL, NULL, NULL),
	(108, 1, 'Ethics', NULL, NULL, NULL, NULL),
	(108, 3, 'Ø¹Ù„Ù… Ø§Ù„Ø£Ø®Ù„Ø§Ù‚', NULL, NULL, NULL, NULL),
	(108, 9, 'Ø¹Ù„Ù… Ø§Ù„Ø£Ø®Ù„Ø§Ù‚', NULL, NULL, NULL, NULL),
	(109, 1, 'Music', NULL, NULL, NULL, NULL),
	(109, 3, 'Ù…ÙˆØ³ÙŠÙ‚Ù‰', NULL, NULL, NULL, NULL),
	(109, 9, 'Ù…ÙˆØ³ÙŠÙ‚Ù‰', NULL, NULL, NULL, NULL),
	(110, 1, 'Islamic History', NULL, NULL, NULL, NULL),
	(110, 3, 'ØªØ§Ø±ÙŠØ® Ø§Ù„Ø¥Ø³Ù„Ø§Ù…', NULL, NULL, NULL, NULL),
	(110, 9, 'ØªØ§Ø±ÙŠØ® Ø§Ù„Ø¥Ø³Ù„Ø§Ù…', NULL, NULL, NULL, NULL),
	(111, 1, 'Nile Valley', NULL, NULL, NULL, NULL),
	(111, 3, 'Ø¨Ù„Ø§Ø¯ ÙˆØ§Ø¯ÙŠ Ø§Ù„Ù†ÙŠÙ„', NULL, NULL, NULL, NULL),
	(111, 9, 'Ø¨Ù„Ø§Ø¯ ÙˆØ§Ø¯ÙŠ Ø§Ù„Ù†ÙŠÙ„', NULL, NULL, NULL, NULL),
	(112, 1, 'Medicine', NULL, NULL, NULL, NULL),
	(112, 3, 'Ø·Ø¨Ø§Ø¨Ø©', NULL, NULL, NULL, NULL),
	(112, 9, 'Ø·Ø¨Ø§Ø¨Ø©', NULL, NULL, NULL, NULL),
	(113, 1, 'Diet', NULL, NULL, NULL, NULL),
	(113, 3, 'Ø§Ù„Ø­Ù…ÙŠØ©', NULL, NULL, NULL, NULL),
	(113, 9, 'Ø§Ù„Ø­Ù…ÙŠØ©', NULL, NULL, NULL, NULL),
	(114, 1, 'Pregnancy', NULL, NULL, NULL, NULL),
	(114, 3, 'Ø§Ù„Ø­Ù…Ù„', NULL, NULL, NULL, NULL),
	(114, 9, 'Ø§Ù„Ø­Ù…Ù„', NULL, NULL, NULL, NULL),
	(115, 1, 'Trips Ethics', NULL, NULL, NULL, NULL),
	(115, 3, 'Ø£Ø¯Ø¨ Ø§Ù„Ø±Ø­Ù„Ø§Øª', NULL, NULL, NULL, NULL),
	(115, 9, 'Ø£Ø¯Ø¨ Ø§Ù„Ø±Ø­Ù„Ø§Øª', NULL, NULL, NULL, NULL),
	(116, 1, 'Grammar', NULL, NULL, NULL, NULL),
	(116, 3, 'ØµØ±Ù ÙˆÙ†Ø­Ùˆ', NULL, NULL, NULL, NULL),
	(116, 9, 'ØµØ±Ù ÙˆÙ†Ø­Ùˆ', NULL, NULL, NULL, NULL),
	(117, 1, 'Artists', NULL, NULL, NULL, NULL),
	(117, 3, 'ÙÙ†Ø§Ù†ÙˆÙ†', NULL, NULL, NULL, NULL),
	(117, 9, 'ÙÙ†Ø§Ù†ÙˆÙ†', NULL, NULL, NULL, NULL),
	(118, 1, 'Ù…Ø¨Ø§Ù†ÙŠ Ø§Ù„Ù‚Ø±Ø¢Ù† Ø§Ù„ÙƒØ±', NULL, NULL, NULL, NULL),
	(118, 3, 'Ù…Ø¨Ø§Ù†ÙŠ Ø§Ù„Ù‚Ø±Ø¢Ù† Ø§Ù„ÙƒØ±', NULL, NULL, NULL, NULL),
	(118, 9, 'Ù…Ø¨Ø§Ù†ÙŠ Ø§Ù„Ù‚Ø±Ø¢Ù† Ø§Ù„ÙƒØ±', NULL, NULL, NULL, NULL),
	(119, 1, 'Proverbs', NULL, NULL, NULL, NULL),
	(119, 3, 'Ø£Ù…Ø«Ø§Ù„', NULL, NULL, NULL, NULL),
	(119, 9, 'Ø£Ù…Ø«Ø§Ù„', NULL, NULL, NULL, NULL),
	(120, 1, 'Biography of the Prophet', NULL, NULL, NULL, NULL),
	(120, 3, 'Ø§Ù„Ø³ÙŠØ±Ø© Ø§Ù„Ù†Ø¨ÙˆÙŠØ©', NULL, NULL, NULL, NULL),
	(120, 9, 'Ø§Ù„Ø³ÙŠØ±Ø© Ø§Ù„Ù†Ø¨ÙˆÙŠØ©', NULL, NULL, NULL, NULL),
	(121, 1, 'Press & Media', NULL, NULL, NULL, NULL),
	(121, 3, 'ØµØ­Ø§ÙØ© ÙˆØ¥Ø¹Ù„Ø§Ù…', NULL, NULL, NULL, NULL),
	(121, 9, 'ØµØ­Ø§ÙØ© ÙˆØ¥Ø¹Ù„Ø§Ù…', NULL, NULL, NULL, NULL),
	(122, 1, 'Magazines', NULL, NULL, NULL, NULL),
	(122, 3, 'Ø¯ÙˆØ±ÙŠØ§Øª', NULL, NULL, NULL, NULL),
	(122, 9, 'Ø¯ÙˆØ±ÙŠØ§Øª', NULL, NULL, NULL, NULL),
	(123, 1, 'Horoscopes', NULL, NULL, NULL, NULL),
	(123, 3, 'Ø£Ø¨Ø±Ø§Ø¬', NULL, NULL, NULL, NULL),
	(123, 9, 'Ø£Ø¨Ø±Ø§Ø¬', NULL, NULL, NULL, NULL),
	(124, 3, 'Ø³Ø¨Ø§Ø­Ø©', NULL, NULL, NULL, NULL),
	(124, 9, 'Ø³Ø¨Ø§Ø­Ø©', NULL, NULL, NULL, NULL),
	(125, 1, 'Football', NULL, NULL, NULL, NULL),
	(125, 3, 'ÙƒØ±Ø© Ø§Ù„Ù‚Ø¯Ù…', NULL, NULL, NULL, NULL),
	(125, 9, 'ÙƒØ±Ø© Ø§Ù„Ù‚Ø¯Ù…', NULL, NULL, NULL, NULL),
	(126, 1, 'Fitness', NULL, NULL, NULL, NULL),
	(126, 3, 'Ù„ÙŠØ§Ù‚Ø© Ø¨Ø¯Ù†ÙŠØ©', NULL, NULL, NULL, NULL),
	(126, 9, 'Ù„ÙŠØ§Ù‚Ø© Ø¨Ø¯Ù†ÙŠØ©', NULL, NULL, NULL, NULL),
	(127, 1, 'Food Items', NULL, NULL, NULL, NULL),
	(127, 3, 'Ø£ØµÙ†Ø§Ù Ø§Ù„Ø·Ø¹Ø§Ù…', NULL, NULL, NULL, NULL),
	(127, 9, 'Ø£ØµÙ†Ø§Ù Ø§Ù„Ø·Ø¹Ø§Ù…', NULL, NULL, NULL, NULL),
	(128, 1, 'Desesrts', NULL, NULL, NULL, NULL),
	(128, 3, 'Ø­Ù„ÙˆÙŠØ§Øª', NULL, NULL, NULL, NULL),
	(128, 9, 'Ø­Ù„ÙˆÙŠØ§Øª', NULL, NULL, NULL, NULL),
	(129, 1, 'Dream Interpretation', NULL, NULL, NULL, NULL),
	(129, 3, 'ØªÙØ³ÙŠØ± Ø§Ù„Ø£Ø­Ù„Ø§Ù…', NULL, NULL, NULL, NULL),
	(129, 9, 'ØªÙØ³ÙŠØ± Ø§Ù„Ø£Ø­Ù„Ø§Ù…', NULL, NULL, NULL, NULL),
	(130, 1, 'Basic Cooking', NULL, NULL, NULL, NULL),
	(130, 3, 'Ø·Ø¨Ø® Ø£Ø³Ø§Ø³ÙŠ', NULL, NULL, NULL, NULL),
	(130, 9, 'Ø·Ø¨Ø® Ø£Ø³Ø§Ø³ÙŠ', NULL, NULL, NULL, NULL),
	(131, 1, 'Children', NULL, NULL, NULL, NULL),
	(131, 3, 'Ø£ÙˆÙ„Ø§Ø¯', NULL, NULL, NULL, NULL),
	(131, 9, 'Ø£ÙˆÙ„Ø§Ø¯', NULL, NULL, NULL, NULL),
	(132, 3, 'Ù…Ø¬Ù…ÙˆØ¹Ø§Øª', NULL, NULL, NULL, NULL),
	(132, 9, 'Ù…Ø¬Ù…ÙˆØ¹Ø§Øª', NULL, NULL, NULL, NULL),
	(133, 1, 'Land Reclamation & Irrigation', NULL, NULL, NULL, NULL),
	(133, 3, 'Ø¥Ø³ØªØµÙ„Ø§Ø­ ÙˆØ±ÙŠ Ø§Ù„Ø£Ø±Ø§', NULL, NULL, NULL, NULL),
	(133, 9, 'Ø¥Ø³ØªØµÙ„Ø§Ø­ ÙˆØ±ÙŠ Ø§Ù„Ø£Ø±Ø§', NULL, NULL, NULL, NULL),
	(134, 1, 'Computer & Internet', NULL, NULL, NULL, NULL),
	(134, 3, 'ÙƒÙˆÙ…Ø¨ÙŠÙˆØªØ± ÙˆØ¥Ù†ØªØ±Ù†Øª', NULL, NULL, NULL, NULL),
	(134, 9, 'ÙƒÙˆÙ…Ø¨ÙŠÙˆØªØ± ÙˆØ¥Ù†ØªØ±Ù†Øª', NULL, NULL, NULL, NULL),
	(135, 1, 'Diversity', NULL, NULL, NULL, NULL),
	(135, 3, 'Ù…ØªÙØ±Ù‚Ø§Øª', NULL, NULL, NULL, NULL),
	(135, 9, 'Ù…ØªÙØ±Ù‚Ø§Øª', NULL, NULL, NULL, NULL),
	(136, 1, 'Regional', NULL, NULL, NULL, NULL),
	(136, 3, 'Ù…Ù†Ø§Ø·Ù‚ÙŠ', NULL, NULL, NULL, NULL),
	(136, 9, 'Ù…Ù†Ø§Ø·Ù‚ÙŠ', NULL, NULL, NULL, NULL),
	(137, 1, 'Cooking Methods', NULL, NULL, NULL, NULL),
	(137, 3, 'Ø·Ø±Ù‚ Ø§Ù„Ø·Ù‡ÙŠ', NULL, NULL, NULL, NULL),
	(137, 9, 'Ø·Ø±Ù‚ Ø§Ù„Ø·Ù‡ÙŠ', NULL, NULL, NULL, NULL),
	(138, 1, 'Atlas', NULL, NULL, NULL, NULL),
	(138, 3, 'Ø£Ø·Ø§Ù„Ø³', NULL, NULL, NULL, NULL),
	(138, 9, 'Ø£Ø·Ø§Ù„Ø³', NULL, NULL, NULL, NULL),
	(139, 1, 'Clerics', NULL, NULL, NULL, NULL),
	(139, 3, 'Ø±Ø¬Ø§Ù„ Ø¯ÙŠÙ†', NULL, NULL, NULL, NULL),
	(139, 9, 'Ø±Ø¬Ø§Ù„ Ø¯ÙŠÙ†', NULL, NULL, NULL, NULL),
	(140, 1, 'Ø­Ø¯ÙŠØ«', NULL, NULL, NULL, NULL),
	(140, 3, 'Ø­Ø¯ÙŠØ«', NULL, NULL, NULL, NULL),
	(140, 9, 'Ø­Ø¯ÙŠØ«', NULL, NULL, NULL, NULL),
	(141, 1, 'Media', NULL, NULL, NULL, NULL),
	(141, 3, 'Ø¥Ø¹Ù„Ø§Ù…', NULL, NULL, NULL, NULL),
	(141, 9, 'Ø¥Ø¹Ù„Ø§Ù…', NULL, NULL, NULL, NULL),
	(142, 1, 'Women', NULL, NULL, NULL, NULL),
	(142, 3, 'Ù†Ø³Ø§Ø¡', NULL, NULL, NULL, NULL),
	(142, 9, 'Ù†Ø³Ø§Ø¡', NULL, NULL, NULL, NULL),
	(143, 1, 'Marriage', NULL, NULL, NULL, NULL),
	(143, 3, 'Ø§Ù„Ø²ÙˆØ§Ø¬', NULL, NULL, NULL, NULL),
	(143, 9, 'Ø§Ù„Ø²ÙˆØ§Ø¬', NULL, NULL, NULL, NULL),
	(144, 1, 'Investment', NULL, NULL, NULL, NULL),
	(144, 3, 'Ø¥Ø³ØªØ«Ù…Ø§Ø±', NULL, NULL, NULL, NULL),
	(144, 9, 'Ø¥Ø³ØªØ«Ù…Ø§Ø±', NULL, NULL, NULL, NULL),
	(145, 1, 'Calligraphy', NULL, NULL, NULL, NULL),
	(145, 3, 'Ø§Ù„Ø®Ø· Ø§Ù„Ø¹Ø±Ø¨ÙŠ', NULL, NULL, NULL, NULL),
	(145, 9, 'Ø§Ù„Ø®Ø· Ø§Ù„Ø¹Ø±Ø¨ÙŠ', NULL, NULL, NULL, NULL),
	(146, 1, 'Pottery', NULL, NULL, NULL, NULL),
	(146, 3, 'Ø®Ø²Ù', NULL, NULL, NULL, NULL),
	(146, 9, 'Ø®Ø²Ù', NULL, NULL, NULL, NULL),
	(147, 1, 'Educational books', NULL, NULL, NULL, NULL),
	(147, 3, 'ÙƒØªØ¨ ØªØ¹Ù„ÙŠÙ…ÙŠØ©', NULL, NULL, NULL, NULL),
	(147, 9, 'ÙƒØªØ¨ ØªØ¹Ù„ÙŠÙ…ÙŠØ©', NULL, NULL, NULL, NULL),
	(148, 1, 'Trade', NULL, NULL, NULL, NULL),
	(148, 3, 'ØªØ¬Ø§Ø±Ø©', NULL, NULL, NULL, NULL),
	(148, 9, 'ØªØ¬Ø§Ø±Ø©', NULL, NULL, NULL, NULL),
	(149, 1, 'Management', NULL, NULL, NULL, NULL),
	(149, 3, 'Ø¥Ø¯Ø§Ø±Ø©', NULL, NULL, NULL, NULL),
	(149, 9, 'Ø¥Ø¯Ø§Ø±Ø©', NULL, NULL, NULL, NULL),
	(150, 1, 'Nutrition', NULL, NULL, NULL, NULL),
	(150, 3, 'ØªØºØ°ÙŠØ©', NULL, NULL, NULL, NULL),
	(150, 9, 'ØªØºØ°ÙŠØ©', NULL, NULL, NULL, NULL),
	(151, 1, 'Logic', NULL, NULL, NULL, NULL),
	(151, 3, 'Ø¹Ù„Ù… Ø§Ù„Ù…Ù†Ø·Ù‚', NULL, NULL, NULL, NULL),
	(151, 9, 'Ø¹Ù„Ù… Ø§Ù„Ù…Ù†Ø·Ù‚', NULL, NULL, NULL, NULL),
	(152, 1, 'Sex Education', NULL, NULL, NULL, NULL),
	(152, 3, 'ØªØ±Ø¨ÙŠØ© Ø¬Ù†Ø³ÙŠØ©', NULL, NULL, NULL, NULL),
	(152, 9, 'ØªØ±Ø¨ÙŠØ© Ø¬Ù†Ø³ÙŠØ©', NULL, NULL, NULL, NULL),
	(153, 1, 'Sufism', NULL, NULL, NULL, NULL),
	(153, 3, 'ØµÙˆÙÙŠØ©', NULL, NULL, NULL, NULL),
	(153, 9, 'ØµÙˆÙÙŠØ©', NULL, NULL, NULL, NULL),
	(154, 1, 'Applications', NULL, NULL, NULL, NULL),
	(154, 3, 'Ø¨Ø±Ø§Ù…Ø¬ ØªØ·Ø¨ÙŠÙ‚ÙŠØ©', NULL, NULL, NULL, NULL),
	(154, 9, 'Ø¨Ø±Ø§Ù…Ø¬ ØªØ·Ø¨ÙŠÙ‚ÙŠØ©', NULL, NULL, NULL, NULL),
	(155, 1, 'Arab literature in the Diaspora', NULL, NULL, NULL, NULL),
	(155, 3, 'Ø§Ù„Ø£Ø¯Ø¨ Ø§Ù„Ø¹Ø±Ø¨ÙŠ ÙÙŠ Ø§Ù', NULL, NULL, NULL, NULL),
	(155, 9, 'Ø§Ù„Ø£Ø¯Ø¨ Ø§Ù„Ø¹Ø±Ø¨ÙŠ ÙÙŠ Ø§Ù', NULL, NULL, NULL, NULL),
	(156, 1, 'Child Care', NULL, NULL, NULL, NULL),
	(156, 3, 'Ø§Ù„Ø¹Ù†Ø§ÙŠØ© Ø¨Ø§Ù„Ø·ÙÙ„', NULL, NULL, NULL, NULL),
	(156, 9, 'Ø§Ù„Ø¹Ù†Ø§ÙŠØ© Ø¨Ø§Ù„Ø·ÙÙ„', NULL, NULL, NULL, NULL),
	(157, 1, 'Sexual Diseases', NULL, NULL, NULL, NULL),
	(157, 3, 'Ø£Ù…Ø±Ø§Ø¶ Ø¬Ù†Ø³ÙŠØ©', NULL, NULL, NULL, NULL),
	(157, 9, 'Ø£Ù…Ø±Ø§Ø¶ Ø¬Ù†Ø³ÙŠØ©', NULL, NULL, NULL, NULL),
	(158, 1, 'Operating Systems', NULL, NULL, NULL, NULL),
	(158, 3, 'Ø£Ù†Ø¸Ù…Ø© ØªØ´ØºÙŠÙ„', NULL, NULL, NULL, NULL),
	(158, 9, 'Ø£Ù†Ø¸Ù…Ø© ØªØ´ØºÙŠÙ„', NULL, NULL, NULL, NULL),
	(159, 1, 'Ù†Ø¸Ø±ÙŠØ§Øª', NULL, NULL, NULL, NULL),
	(159, 3, 'Ù†Ø¸Ø±ÙŠØ§Øª', NULL, NULL, NULL, NULL),
	(159, 9, 'Ù†Ø¸Ø±ÙŠØ§Øª', NULL, NULL, NULL, NULL),
	(160, 1, 'Sewing', NULL, NULL, NULL, NULL),
	(160, 3, 'Ø§Ù„Ø®ÙŠØ§Ø·Ø©', NULL, NULL, NULL, NULL),
	(160, 9, 'Ø§Ù„Ø®ÙŠØ§Ø·Ø©', NULL, NULL, NULL, NULL),
	(161, 3, 'ÙƒØ±Ø© Ø§Ù„Ø³Ù„Ø©', NULL, NULL, NULL, NULL),
	(161, 9, 'ÙƒØ±Ø© Ø§Ù„Ø³Ù„Ø©', NULL, NULL, NULL, NULL),
	(162, 1, 'Athletics', NULL, NULL, NULL, NULL),
	(162, 3, 'Ø£Ù„Ø¹Ø§Ø¨ Ù‚ÙˆÙ‰', NULL, NULL, NULL, NULL),
	(162, 9, 'Ø£Ù„Ø¹Ø§Ø¨ Ù‚ÙˆÙ‰', NULL, NULL, NULL, NULL),
	(163, 1, 'Press', NULL, NULL, NULL, NULL),
	(163, 3, 'ØµØ­Ø§ÙØ©', NULL, NULL, NULL, NULL),
	(163, 9, 'ØµØ­Ø§ÙØ©', NULL, NULL, NULL, NULL),
	(164, 1, 'Cinema', NULL, NULL, NULL, NULL),
	(164, 3, 'Ø³ÙŠÙ†Ù…Ø§', NULL, NULL, NULL, NULL),
	(164, 9, 'Ø³ÙŠÙ†Ù…Ø§', NULL, NULL, NULL, NULL),
	(165, 1, 'Children Stories', NULL, NULL, NULL, NULL),
	(165, 3, 'Ù‚ØµØµ Ù„Ù„Ø£ÙˆÙ„Ø§Ø¯', NULL, NULL, NULL, NULL),
	(165, 9, 'Ù‚ØµØµ Ù„Ù„Ø£ÙˆÙ„Ø§Ø¯', NULL, NULL, NULL, NULL),
	(166, 1, 'General', NULL, NULL, NULL, NULL),
	(166, 3, 'Ø¹Ø§Ù…', NULL, NULL, NULL, NULL),
	(166, 9, 'Ø¹Ø§Ù…', NULL, NULL, NULL, NULL),
	(167, 1, 'Teachers', NULL, NULL, NULL, NULL),
	(167, 3, 'Ù…Ø¹Ù„Ù…ÙˆÙ†', NULL, NULL, NULL, NULL),
	(167, 9, 'Ù…Ø¹Ù„Ù…ÙˆÙ†', NULL, NULL, NULL, NULL),
	(168, 1, 'Scientist', NULL, NULL, NULL, NULL),
	(168, 3, 'Ø¹Ù„Ù…Ø§Ø¡', NULL, NULL, NULL, NULL),
	(168, 9, 'Ø¹Ù„Ù…Ø§Ø¡', NULL, NULL, NULL, NULL),
	(169, 1, 'Children Novels', NULL, NULL, NULL, NULL),
	(169, 3, 'Ø±ÙˆØ§ÙŠØ§Øª Ù„Ù„Ø£ÙˆÙ„Ø§Ø¯', NULL, NULL, NULL, NULL),
	(169, 9, 'Ø±ÙˆØ§ÙŠØ§Øª Ù„Ù„Ø£ÙˆÙ„Ø§Ø¯', NULL, NULL, NULL, NULL),
	(170, 3, 'Ø¹Ø§Ù„Ù…ÙŠ', NULL, NULL, NULL, NULL),
	(170, 9, 'Ø¹Ø§Ù„Ù…ÙŠ', NULL, NULL, NULL, NULL),
	(171, 3, 'Ø¯Ø¬Ø§Ø¬', NULL, NULL, NULL, NULL),
	(171, 9, 'Ø¯Ø¬Ø§Ø¬', NULL, NULL, NULL, NULL),
	(172, 1, 'Pastries', NULL, NULL, NULL, NULL),
	(172, 3, 'Ù…Ø¹Ø¬Ù†Ø§Øª', NULL, NULL, NULL, NULL),
	(172, 9, 'Ù…Ø¹Ø¬Ù†Ø§Øª', NULL, NULL, NULL, NULL),
	(173, 3, 'Ù„Ø­ÙˆÙ…', NULL, NULL, NULL, NULL),
	(173, 9, 'Ù„Ø­ÙˆÙ…', NULL, NULL, NULL, NULL),
	(174, 1, 'General References', NULL, NULL, NULL, NULL),
	(174, 3, 'Ù…Ø±Ø§Ø¬Ø¹ Ø¹Ø§Ù…Ø©', NULL, NULL, NULL, NULL),
	(174, 9, 'Ù…Ø±Ø§Ø¬Ø¹ Ø¹Ø§Ù…Ø©', NULL, NULL, NULL, NULL),
	(175, 1, 'Mathematics', NULL, NULL, NULL, NULL),
	(175, 3, 'Ø±ÙŠØ§Ø¶ÙŠØ§Øª', NULL, NULL, NULL, NULL),
	(175, 9, 'Ø±ÙŠØ§Ø¶ÙŠØ§Øª', NULL, NULL, NULL, NULL),
	(176, 3, 'Ù„ØºØ§Øª Ø¨Ø±Ù…Ø¬Ø©', NULL, NULL, NULL, NULL),
	(176, 9, 'Ù„ØºØ§Øª Ø¨Ø±Ù…Ø¬Ø©', NULL, NULL, NULL, NULL),
	(177, 1, 'Economics & Agricultural Develop', NULL, NULL, NULL, NULL),
	(177, 3, 'Ø¥Ù‚ØªØµØ§Ø¯ ÙˆØªÙ†Ù…ÙŠØ© Ø²Ø±Ø§', NULL, NULL, NULL, NULL),
	(177, 9, 'Ø¥Ù‚ØªØµØ§Ø¯ ÙˆØªÙ†Ù…ÙŠØ© Ø²Ø±Ø§', NULL, NULL, NULL, NULL),
	(178, 1, 'Crop Production & Protection', NULL, NULL, NULL, NULL),
	(178, 3, 'Ø¥Ù†ØªØ§Ø¬ ÙˆØ­Ù…Ø§ÙŠØ© Ø§Ù„Ù…Ø­', NULL, NULL, NULL, NULL),
	(178, 9, 'Ø¥Ù†ØªØ§Ø¬ ÙˆØ­Ù…Ø§ÙŠØ© Ø§Ù„Ù…Ø­', NULL, NULL, NULL, NULL),
	(179, 1, 'Decor', NULL, NULL, NULL, NULL),
	(179, 3, 'Ø¯ÙŠÙƒÙˆØ±', NULL, NULL, NULL, NULL),
	(179, 9, 'Ø¯ÙŠÙƒÙˆØ±', NULL, NULL, NULL, NULL),
	(180, 1, 'Ancient Philosophy', NULL, NULL, NULL, NULL),
	(180, 3, 'ÙÙ„Ø³ÙØ© Ù‚Ø¯ÙŠÙ…Ø©', NULL, NULL, NULL, NULL),
	(180, 9, 'ÙÙ„Ø³ÙØ© Ù‚Ø¯ÙŠÙ…Ø©', NULL, NULL, NULL, NULL),
	(181, 1, 'Tourism', NULL, NULL, NULL, NULL),
	(181, 3, 'Ø³ÙŠØ§Ø­Ø©', NULL, NULL, NULL, NULL),
	(181, 9, 'Ø³ÙŠØ§Ø­Ø©', NULL, NULL, NULL, NULL),
	(182, 1, 'Journalists', NULL, NULL, NULL, NULL),
	(182, 3, 'ØµØ­Ø§ÙÙŠÙˆÙ†', NULL, NULL, NULL, NULL),
	(182, 9, 'ØµØ­Ø§ÙÙŠÙˆÙ†', NULL, NULL, NULL, NULL),
	(183, 1, 'Economists', NULL, NULL, NULL, NULL),
	(183, 3, 'Ø¥Ù‚ØªØµØ§Ø¯ÙŠÙˆÙ†', NULL, NULL, NULL, NULL),
	(183, 9, 'Ø¥Ù‚ØªØµØ§Ø¯ÙŠÙˆÙ†', NULL, NULL, NULL, NULL),
	(184, 1, 'Writers', NULL, NULL, NULL, NULL),
	(184, 3, 'ÙƒØªØ§Ø¨', NULL, NULL, NULL, NULL),
	(184, 9, 'ÙƒØªØ§Ø¨', NULL, NULL, NULL, NULL),
	(185, 1, 'United States', NULL, NULL, NULL, NULL),
	(185, 3, 'Ø£Ù…ÙŠØ±ÙƒØ§', NULL, NULL, NULL, NULL),
	(185, 9, 'Ø£Ù…ÙŠØ±ÙƒØ§', NULL, NULL, NULL, NULL),
	(186, 1, 'Artistic Criticism', NULL, NULL, NULL, NULL),
	(186, 3, 'Ù†Ù‚Ø¯ ÙÙ†ÙŠ', NULL, NULL, NULL, NULL),
	(186, 9, 'Ù†Ù‚Ø¯ ÙÙ†ÙŠ', NULL, NULL, NULL, NULL),
	(187, 1, 'Jesus Christ & His Family', NULL, NULL, NULL, NULL),
	(187, 3, 'ÙŠØ³ÙˆØ¹ Ø§Ù„Ù…Ø³ÙŠØ­ ÙˆØ¹Ø§Ø¦Ù„', NULL, NULL, NULL, NULL),
	(187, 9, 'ÙŠØ³ÙˆØ¹ Ø§Ù„Ù…Ø³ÙŠØ­ ÙˆØ¹Ø§Ø¦Ù„', NULL, NULL, NULL, NULL),
	(188, 1, 'Coloring', NULL, NULL, NULL, NULL),
	(188, 3, 'ØªÙ„ÙˆÙŠÙ†', NULL, NULL, NULL, NULL),
	(188, 9, 'ØªÙ„ÙˆÙŠÙ†', NULL, NULL, NULL, NULL),
	(189, 1, 'Letters', NULL, NULL, NULL, NULL),
	(189, 3, 'Ø±Ø³Ø§Ø¦Ù„', NULL, NULL, NULL, NULL),
	(189, 9, 'Ø±Ø³Ø§Ø¦Ù„', NULL, NULL, NULL, NULL),
	(190, 3, 'Ø³Ù„Ø·Ø§Øª', NULL, NULL, NULL, NULL),
	(190, 9, 'Ø³Ù„Ø·Ø§Øª', NULL, NULL, NULL, NULL),
	(191, 3, 'Ø­Ø³Ø§Ø¡', NULL, NULL, NULL, NULL),
	(191, 9, 'Ø­Ø³Ø§Ø¡', NULL, NULL, NULL, NULL),
	(192, 3, 'Ø£Ø³Ù…Ø§Ùƒ', NULL, NULL, NULL, NULL),
	(192, 9, 'Ø£Ø³Ù…Ø§Ùƒ', NULL, NULL, NULL, NULL),
	(193, 1, 'Family', NULL, NULL, NULL, NULL),
	(193, 3, 'Ø§Ù„Ø¹Ø§Ø¦Ù„Ø©', NULL, NULL, NULL, NULL),
	(193, 9, 'Ø§Ù„Ø¹Ø§Ø¦Ù„Ø©', NULL, NULL, NULL, NULL),
	(194, 1, 'Drinks & Ice Cream', NULL, NULL, NULL, NULL),
	(194, 3, 'Ù…Ø´Ø±ÙˆØ¨Ø§Øª ÙˆÙ…Ø«Ù„Ø¬Ø§Øª', NULL, NULL, NULL, NULL),
	(194, 9, 'Ù…Ø´Ø±ÙˆØ¨Ø§Øª ÙˆÙ…Ø«Ù„Ø¬Ø§Øª', NULL, NULL, NULL, NULL),
	(195, 3, 'ÙƒØ´Ø§ÙØ©', NULL, NULL, NULL, NULL),
	(195, 9, 'ÙƒØ´Ø§ÙØ©', NULL, NULL, NULL, NULL),
	(196, 1, 'Body Building', NULL, NULL, NULL, NULL),
	(196, 3, 'ÙƒÙ…Ø§Ù„ Ø§Ù„Ø£Ø¬Ø³Ø§Ù…', NULL, NULL, NULL, NULL),
	(196, 9, 'ÙƒÙ…Ø§Ù„ Ø§Ù„Ø£Ø¬Ø³Ø§Ù…', NULL, NULL, NULL, NULL),
	(197, 1, 'Sauces & Garneshing', NULL, NULL, NULL, NULL),
	(197, 3, 'ØµÙ„ØµØ§Øª ÙˆØªØ²ÙŠÙŠÙ† Ø§Ù„Ø·Ø¹', NULL, NULL, NULL, NULL),
	(197, 9, 'ØµÙ„ØµØ§Øª ÙˆØªØ²ÙŠÙŠÙ† Ø§Ù„Ø·Ø¹', NULL, NULL, NULL, NULL),
	(198, 1, 'Africa', NULL, NULL, NULL, NULL),
	(198, 3, 'Ø¥ÙØ±ÙŠÙ‚ÙŠØ§', NULL, NULL, NULL, NULL),
	(198, 9, 'Ø¥ÙØ±ÙŠÙ‚ÙŠØ§', NULL, NULL, NULL, NULL),
	(199, 1, 'Internet', NULL, NULL, NULL, NULL),
	(199, 3, 'Ø¥Ù†ØªØ±Ù†Øª', NULL, NULL, NULL, NULL),
	(199, 9, 'Ø¥Ù†ØªØ±Ù†Øª', NULL, NULL, NULL, NULL),
	(200, 3, 'Ø¨Ø±Ø§Ù…Ø¬ Ø§Ù„Ø±Ø³Ù… ÙˆØ§Ù„ØªØµ', NULL, NULL, NULL, NULL),
	(200, 9, 'Ø¨Ø±Ø§Ù…Ø¬ Ø§Ù„Ø±Ø³Ù… ÙˆØ§Ù„ØªØµ', NULL, NULL, NULL, NULL),
	(201, 1, 'Networking', NULL, NULL, NULL, NULL),
	(201, 3, 'Ø´Ø¨ÙƒØ§Øª Ø§Ù„ÙƒÙˆÙ…Ø¨ÙŠÙˆØªØ±', NULL, NULL, NULL, NULL),
	(201, 9, 'Ø´Ø¨ÙƒØ§Øª Ø§Ù„ÙƒÙˆÙ…Ø¨ÙŠÙˆØªØ±', NULL, NULL, NULL, NULL),
	(202, 1, 'Traditional Customs', NULL, NULL, NULL, NULL),
	(202, 3, 'Ø£Ø²ÙŠØ§Ø¡ Ø´Ø¹Ø¨ÙŠØ©', NULL, NULL, NULL, NULL),
	(202, 9, 'Ø£Ø²ÙŠØ§Ø¡ Ø´Ø¹Ø¨ÙŠØ©', NULL, NULL, NULL, NULL),
	(203, 1, 'Domestic Cultivation', NULL, NULL, NULL, NULL),
	(203, 3, 'Ù…Ù†Ø²Ù„ÙŠØ©', NULL, NULL, NULL, NULL),
	(203, 9, 'Ù…Ù†Ø²Ù„ÙŠØ©', NULL, NULL, NULL, NULL),
	(204, 1, 'Gospels & the Acts of the Apostl', NULL, NULL, NULL, NULL),
	(204, 3, 'Ø§Ù„Ø£Ù†Ø§Ø¬ÙŠÙ„ ÙˆØ£Ø¹Ù…Ø§Ù„ Ø§', NULL, NULL, NULL, NULL),
	(204, 9, 'Ø§Ù„Ø£Ù†Ø§Ø¬ÙŠÙ„ ÙˆØ£Ø¹Ù…Ø§Ù„ Ø§', NULL, NULL, NULL, NULL),
	(205, 1, 'New Philosophy', NULL, NULL, NULL, NULL),
	(205, 3, 'ÙÙ„Ø³ÙØ© Ø¬Ø¯ÙŠØ¯Ø©', NULL, NULL, NULL, NULL),
	(205, 9, 'ÙÙ„Ø³ÙØ© Ø¬Ø¯ÙŠØ¯Ø©', NULL, NULL, NULL, NULL),
	(206, 1, 'Metaphysics', NULL, NULL, NULL, NULL),
	(206, 3, 'Ù…ÙŠØªØ§ÙÙŠØ²ÙŠØ§Ø¡', NULL, NULL, NULL, NULL),
	(206, 9, 'Ù…ÙŠØªØ§ÙÙŠØ²ÙŠØ§Ø¡', NULL, NULL, NULL, NULL),
	(207, 1, 'Chess', NULL, NULL, NULL, NULL),
	(207, 3, 'Ø´Ø·Ø±Ù†Ø¬', NULL, NULL, NULL, NULL),
	(207, 9, 'Ø´Ø·Ø±Ù†Ø¬', NULL, NULL, NULL, NULL),
	(208, 1, 'Databases', NULL, NULL, NULL, NULL),
	(208, 3, 'Ù‚ÙˆØ§Ø¹Ø¯ Ø¨ÙŠØ§Ù†Ø§Øª', NULL, NULL, NULL, NULL),
	(208, 9, 'Ù‚ÙˆØ§Ø¹Ø¯ Ø¨ÙŠØ§Ù†Ø§Øª', NULL, NULL, NULL, NULL),
	(209, 1, 'Ù…Ø­Ùˆ Ø§Ù„Ø£Ù…ÙŠØ©', NULL, NULL, NULL, NULL),
	(209, 3, 'Ù…Ø­Ùˆ Ø§Ù„Ø£Ù…ÙŠØ©', NULL, NULL, NULL, NULL),
	(209, 9, 'Ù…Ø­Ùˆ Ø§Ù„Ø£Ù…ÙŠØ©', NULL, NULL, NULL, NULL),
	(210, 3, 'Ø§Ù„Ø£Ø­ÙˆØ§Ù„ Ø§Ù„Ø¬ÙˆÙŠØ©', NULL, NULL, NULL, NULL),
	(210, 9, 'Ø§Ù„Ø£Ø­ÙˆØ§Ù„ Ø§Ù„Ø¬ÙˆÙŠØ©', NULL, NULL, NULL, NULL),
	(211, 1, 'Diet Cooking', NULL, NULL, NULL, NULL),
	(211, 3, 'Ø·Ø¨Ø® Ø§Ù„Ø­Ù…ÙŠØ©', NULL, NULL, NULL, NULL),
	(211, 9, 'Ø·Ø¨Ø® Ø§Ù„Ø­Ù…ÙŠØ©', NULL, NULL, NULL, NULL),
	(212, 1, 'Cooking For Kids', NULL, NULL, NULL, NULL),
	(212, 3, 'Ø·Ø¨Ø® Ù„Ù„Ø£ÙˆÙ„Ø§Ø¯', NULL, NULL, NULL, NULL),
	(212, 9, 'Ø·Ø¨Ø® Ù„Ù„Ø£ÙˆÙ„Ø§Ø¯', NULL, NULL, NULL, NULL),
	(213, 1, 'Orientalists', NULL, NULL, NULL, NULL),
	(213, 3, 'Ù…Ø³ØªØ´Ø±Ù‚ÙˆÙ†', NULL, NULL, NULL, NULL),
	(213, 9, 'Ù…Ø³ØªØ´Ø±Ù‚ÙˆÙ†', NULL, NULL, NULL, NULL),
	(214, 3, 'Ø£Ù„Ø¹Ø§Ø¨', NULL, NULL, NULL, NULL),
	(214, 9, 'Ø£Ù„Ø¹Ø§Ø¨', NULL, NULL, NULL, NULL),
	(215, 3, 'Ø£Ù„Ø¨Ø§Ù†', NULL, NULL, NULL, NULL),
	(215, 9, 'Ø£Ù„Ø¨Ø§Ù†', NULL, NULL, NULL, NULL),
	(216, 3, 'Ø§Ù„Ø£Ø±Ø²', NULL, NULL, NULL, NULL),
	(216, 9, 'Ø§Ù„Ø£Ø±Ø²', NULL, NULL, NULL, NULL),
	(217, 1, 'Pottery', NULL, NULL, NULL, NULL),
	(217, 3, 'ÙØ®Ø§Ø±', NULL, NULL, NULL, NULL),
	(217, 9, 'ÙØ®Ø§Ø±', NULL, NULL, NULL, NULL),
	(218, 3, 'Ø®Ø¨Ø²', NULL, NULL, NULL, NULL),
	(218, 9, 'Ø®Ø¨Ø²', NULL, NULL, NULL, NULL),
	(219, 3, 'Ù…Ù‚Ø¨Ù„Ø§Øª', NULL, NULL, NULL, NULL),
	(219, 9, 'Ù…Ù‚Ø¨Ù„Ø§Øª', NULL, NULL, NULL, NULL),
	(220, 3, 'Ù…Ø´Ø§ÙˆÙŠ', NULL, NULL, NULL, NULL),
	(220, 9, 'Ù…Ø´Ø§ÙˆÙŠ', NULL, NULL, NULL, NULL),
	(221, 1, 'Meals & Events', NULL, NULL, NULL, NULL),
	(221, 3, 'ÙˆØ¬Ø¨Ø§Øª ÙˆÙ…Ù†Ø§Ø³Ø¨Ø§Øª', NULL, NULL, NULL, NULL),
	(221, 9, 'ÙˆØ¬Ø¨Ø§Øª ÙˆÙ…Ù†Ø§Ø³Ø¨Ø§Øª', NULL, NULL, NULL, NULL),
	(222, 3, 'Ù…Ù‚Ø§Ù„ÙŠ', NULL, NULL, NULL, NULL),
	(222, 9, 'Ù…Ù‚Ø§Ù„ÙŠ', NULL, NULL, NULL, NULL),
	(223, 3, 'Ø£Ø¹Ø´Ø§Ø¨ ÙˆØªÙˆØ§Ø¨Ù„', NULL, NULL, NULL, NULL),
	(223, 9, 'Ø£Ø¹Ø´Ø§Ø¨ ÙˆØªÙˆØ§Ø¨Ù„', NULL, NULL, NULL, NULL),
	(225, 1, 'Sculpture', NULL, NULL, NULL, NULL),
	(225, 3, 'Ù†Ø­Øª', NULL, NULL, NULL, NULL),
	(225, 9, 'Ù†Ø­Øª', NULL, NULL, NULL, NULL),
	(227, 1, 'Plastic Art', NULL, NULL, NULL, NULL),
	(227, 3, 'ÙÙ† ØªØ´ÙƒÙŠÙ„ÙŠ', NULL, NULL, NULL, NULL),
	(227, 9, 'ÙÙ† ØªØ´ÙƒÙŠÙ„ÙŠ', NULL, NULL, NULL, NULL),
	(228, 1, 'Philosophy Studies', NULL, NULL, NULL, NULL),
	(228, 3, 'Ø¯Ø±Ø§Ø³Ø© ÙÙ„Ø³ÙÙŠØ©', NULL, NULL, NULL, NULL),
	(228, 9, 'Ø¯Ø±Ø§Ø³Ø© ÙÙ„Ø³ÙÙŠØ©', NULL, NULL, NULL, NULL),
	(229, 1, 'Oriental-ism', NULL, NULL, NULL, NULL),
	(229, 3, 'Ø§Ù„Ø¥Ø³ØªØ´Ø±Ø§Ù‚', NULL, NULL, NULL, NULL),
	(229, 9, 'Ø§Ù„Ø¥Ø³ØªØ´Ø±Ø§Ù‚', NULL, NULL, NULL, NULL),
	(230, 1, 'Translated Poets', NULL, NULL, NULL, NULL),
	(230, 3, 'Ø´Ø¹Ø± Ø¹Ø§Ù„Ù…ÙŠ', NULL, NULL, NULL, NULL),
	(230, 9, 'Ø´Ø¹Ø± Ø¹Ø§Ù„Ù…ÙŠ', NULL, NULL, NULL, NULL),
	(231, 1, 'Brochures', NULL, NULL, NULL, NULL),
	(231, 3, 'ÙƒØ±Ø§Ø³Ø§Øª', NULL, NULL, NULL, NULL),
	(231, 9, 'ÙƒØ±Ø§Ø³Ø§Øª', NULL, NULL, NULL, NULL),
	(232, 1, 'Parties & Organizations', NULL, NULL, NULL, NULL),
	(232, 3, 'Ø£Ø­Ø²Ø§Ø¨ ÙˆÙ…Ù†Ø¸Ù…Ø§Øª', NULL, NULL, NULL, NULL),
	(232, 9, 'Ø£Ø­Ø²Ø§Ø¨ ÙˆÙ…Ù†Ø¸Ù…Ø§Øª', NULL, NULL, NULL, NULL),
	(233, 3, 'ÙƒØ§Ø±ÙŠÙƒØ§ØªÙˆØ±', NULL, NULL, NULL, NULL),
	(233, 9, 'ÙƒØ§Ø±ÙŠÙƒØ§ØªÙˆØ±', NULL, NULL, NULL, NULL),
	(234, 3, 'ÙÙˆØªÙˆØºØ±Ø§ÙÙŠØ§', NULL, NULL, NULL, NULL),
	(234, 9, 'ÙÙˆØªÙˆØºØ±Ø§ÙÙŠØ§', NULL, NULL, NULL, NULL),
	(235, 3, 'ØªØ±Ø§Ø« Ø´Ø¹Ø¨ÙŠ', NULL, NULL, NULL, NULL),
	(235, 9, 'ØªØ±Ø§Ø« Ø´Ø¹Ø¨ÙŠ', NULL, NULL, NULL, NULL),
	(236, 3, 'Ø£Ø·Ø¨Ø§Ø¡', NULL, NULL, NULL, NULL),
	(236, 9, 'Ø£Ø·Ø¨Ø§Ø¡', NULL, NULL, NULL, NULL),
	(300000, 1, 'Posters', NULL, NULL, NULL, NULL),
	(300000, 3, 'Ø§Ù„Ù…Ù„ØµÙ‚Ø§Øª', NULL, NULL, NULL, NULL),
	(400000, 1, 'Magazines', NULL, NULL, NULL, NULL),
	(400000, 3, 'Ù…Ø¬Ù„Ø§Øª', NULL, NULL, NULL, NULL),
	(400001, 1, 'Lebanon', NULL, NULL, NULL, NULL),
	(400001, 3, 'Ù„Ø¨Ù†Ø§Ù†', NULL, NULL, NULL, NULL),
	(400002, 1, 'Egypt', NULL, NULL, NULL, NULL),
	(400002, 3, 'Ù…ØµØ±', NULL, NULL, NULL, NULL),
	(400003, 1, 'Syria', NULL, NULL, NULL, NULL),
	(400003, 3, 'Ø³ÙˆØ±ÙŠØ§', NULL, NULL, NULL, NULL),
	(400004, 1, 'U.S.A', NULL, NULL, NULL, NULL),
	(400004, 3, 'U.S.A', NULL, NULL, NULL, NULL),
	(400005, 1, 'Press Book', NULL, NULL, NULL, NULL),
	(400005, 3, 'Ø¯Ù„ÙŠÙ„ Ø¥Ø¹Ù„Ø§Ù†ÙŠ', NULL, NULL, NULL, NULL),
	(400006, 1, 'France', NULL, NULL, NULL, NULL),
	(400006, 3, 'France', NULL, NULL, NULL, NULL),
	(400007, 1, 'Italy', NULL, NULL, NULL, NULL),
	(400007, 3, 'Italy', NULL, NULL, NULL, NULL);
/*!40000 ALTER TABLE `categories_description` ENABLE KEYS */;

-- Dumping structure for table alfurat-responsive.configuration
CREATE TABLE IF NOT EXISTS `configuration` (
  `configuration_id` int(11) NOT NULL AUTO_INCREMENT,
  `configuration_title` varchar(255) COLLATE utf8_unicode_ci NOT NULL,
  `configuration_key` varchar(255) COLLATE utf8_unicode_ci NOT NULL,
  `configuration_value` text COLLATE utf8_unicode_ci NOT NULL,
  `configuration_description` varchar(255) COLLATE utf8_unicode_ci NOT NULL,
  `configuration_group_id` int(11) NOT NULL,
  `sort_order` int(5) DEFAULT NULL,
  `last_modified` datetime DEFAULT NULL,
  `date_added` datetime NOT NULL,
  `use_function` varchar(255) COLLATE utf8_unicode_ci DEFAULT NULL,
  `set_function` varchar(255) COLLATE utf8_unicode_ci DEFAULT NULL,
  PRIMARY KEY (`configuration_id`)
) ENGINE=InnoDB AUTO_INCREMENT=480 DEFAULT CHARSET=utf8 COLLATE=utf8_unicode_ci;

-- Dumping data for table alfurat-responsive.configuration: ~407 rows (approximately)
/*!40000 ALTER TABLE `configuration` DISABLE KEYS */;
INSERT INTO `configuration` (`configuration_id`, `configuration_title`, `configuration_key`, `configuration_value`, `configuration_description`, `configuration_group_id`, `sort_order`, `last_modified`, `date_added`, `use_function`, `set_function`) VALUES
	(1, 'Store Name', 'STORE_NAME', 'alfurat', 'The name of my store', 1, 1, NULL, '2018-07-12 11:37:47', NULL, NULL),
	(2, 'Store Owner', 'STORE_OWNER', 'nasser', 'The name of my store owner', 1, 2, NULL, '2018-07-12 11:37:47', NULL, NULL),
	(3, 'E-Mail Address', 'STORE_OWNER_EMAIL_ADDRESS', 'kek@kek.kek', 'The e-mail address of my store owner', 1, 3, NULL, '2018-07-12 11:37:47', NULL, NULL),
	(4, 'E-Mail From', 'EMAIL_FROM', '"nasser" <kek@kek.kek>', 'The e-mail address used in (sent) e-mails', 1, 4, NULL, '2018-07-12 11:37:47', NULL, NULL),
	(5, 'Country', 'STORE_COUNTRY', '223', 'The country my store is located in <br /><br /><strong>Note: Please remember to update the store zone.</strong>', 1, 6, NULL, '2018-07-12 11:37:47', 'tep_get_country_name', 'tep_cfg_pull_down_country_list('),
	(6, 'Zone', 'STORE_ZONE', '18', 'The zone my store is located in', 1, 7, NULL, '2018-07-12 11:37:47', 'tep_cfg_get_zone_name', 'tep_cfg_pull_down_zone_list('),
	(7, 'Switch To Default Language Currency', 'USE_DEFAULT_LANGUAGE_CURRENCY', 'false', 'Automatically switch to the language\'s currency when it is changed', 1, 10, NULL, '2018-07-12 11:37:47', NULL, 'tep_cfg_select_option(array(\'true\', \'false\'), '),
	(8, 'Send Extra Order Emails To', 'SEND_EXTRA_ORDER_EMAILS_TO', '', 'Send extra order emails to the following email addresses, in this format: Name 1 &lt;email@address1&gt;, Name 2 &lt;email@address2&gt;', 1, 11, NULL, '2018-07-12 11:37:47', NULL, NULL),
	(9, 'Use Search-Engine Safe URLs', 'SEARCH_ENGINE_FRIENDLY_URLS', 'false', 'Use search-engine safe urls for all site links', 1, 12, NULL, '2018-07-12 11:37:47', NULL, 'tep_cfg_select_option(array(\'true\', \'false\'), '),
	(10, 'Display Cart After Adding Product', 'DISPLAY_CART', 'true', 'Display the shopping cart after adding a product (or return back to their origin)', 1, 14, NULL, '2018-07-12 11:37:47', NULL, 'tep_cfg_select_option(array(\'true\', \'false\'), '),
	(11, 'Allow Guest To Tell A Friend', 'ALLOW_GUEST_TO_TELL_A_FRIEND', 'false', 'Allow guests to tell a friend about a product', 1, 15, NULL, '2018-07-12 11:37:47', NULL, 'tep_cfg_select_option(array(\'true\', \'false\'), '),
	(12, 'Default Search Operator', 'ADVANCED_SEARCH_DEFAULT_OPERATOR', 'and', 'Default search operators', 1, 17, NULL, '2018-07-12 11:37:47', NULL, 'tep_cfg_select_option(array(\'and\', \'or\'), '),
	(13, 'Store Address', 'STORE_ADDRESS', 'Address Line 1\nAddress Line 2\nCountry\nPhone', 'This is the Address of my store used on printable documents and displayed online', 1, 18, NULL, '2018-07-12 11:37:47', NULL, 'tep_cfg_textarea('),
	(14, 'Store Phone', 'STORE_PHONE', '555-1234', 'This is the phone number of my store used on printable documents and displayed online', 1, 19, NULL, '2018-07-12 11:37:47', NULL, 'tep_cfg_textarea('),
	(15, 'Tax Decimal Places', 'TAX_DECIMAL_PLACES', '0', 'Pad the tax value this amount of decimal places', 1, 20, NULL, '2018-07-12 11:37:47', NULL, NULL),
	(16, 'Display Prices with Tax', 'DISPLAY_PRICE_WITH_TAX', 'false', 'Display prices with tax included (true) or add the tax at the end (false)', 1, 21, NULL, '2018-07-12 11:37:47', NULL, 'tep_cfg_select_option(array(\'true\', \'false\'), '),
	(17, 'First Name', 'ENTRY_FIRST_NAME_MIN_LENGTH', '2', 'Minimum length of first name', 2, 1, NULL, '2018-07-12 11:37:47', NULL, NULL),
	(18, 'Last Name', 'ENTRY_LAST_NAME_MIN_LENGTH', '2', 'Minimum length of last name', 2, 2, NULL, '2018-07-12 11:37:47', NULL, NULL),
	(19, 'Date of Birth', 'ENTRY_DOB_MIN_LENGTH', '10', 'Minimum length of date of birth', 2, 3, NULL, '2018-07-12 11:37:47', NULL, NULL),
	(20, 'E-Mail Address', 'ENTRY_EMAIL_ADDRESS_MIN_LENGTH', '6', 'Minimum length of e-mail address', 2, 4, NULL, '2018-07-12 11:37:47', NULL, NULL),
	(21, 'Street Address', 'ENTRY_STREET_ADDRESS_MIN_LENGTH', '5', 'Minimum length of street address', 2, 5, NULL, '2018-07-12 11:37:47', NULL, NULL),
	(22, 'Company', 'ENTRY_COMPANY_MIN_LENGTH', '2', 'Minimum length of company name', 2, 6, NULL, '2018-07-12 11:37:47', NULL, NULL),
	(23, 'Post Code', 'ENTRY_POSTCODE_MIN_LENGTH', '4', 'Minimum length of post code', 2, 7, NULL, '2018-07-12 11:37:47', NULL, NULL),
	(24, 'City', 'ENTRY_CITY_MIN_LENGTH', '3', 'Minimum length of city', 2, 8, NULL, '2018-07-12 11:37:47', NULL, NULL),
	(25, 'State', 'ENTRY_STATE_MIN_LENGTH', '2', 'Minimum length of state', 2, 9, NULL, '2018-07-12 11:37:47', NULL, NULL),
	(26, 'Telephone Number', 'ENTRY_TELEPHONE_MIN_LENGTH', '3', 'Minimum length of telephone number', 2, 10, NULL, '2018-07-12 11:37:47', NULL, NULL),
	(27, 'Password', 'ENTRY_PASSWORD_MIN_LENGTH', '5', 'Minimum length of password', 2, 11, NULL, '2018-07-12 11:37:47', NULL, NULL),
	(28, 'Credit Card Owner Name', 'CC_OWNER_MIN_LENGTH', '3', 'Minimum length of credit card owner name', 2, 12, NULL, '2018-07-12 11:37:47', NULL, NULL),
	(29, 'Credit Card Number', 'CC_NUMBER_MIN_LENGTH', '10', 'Minimum length of credit card number', 2, 13, NULL, '2018-07-12 11:37:47', NULL, NULL),
	(30, 'Review Text', 'REVIEW_TEXT_MIN_LENGTH', '50', 'Minimum length of review text', 2, 14, NULL, '2018-07-12 11:37:47', NULL, NULL),
	(31, 'Best Sellers', 'MIN_DISPLAY_BESTSELLERS', '1', 'Minimum number of best sellers to display', 2, 15, NULL, '2018-07-12 11:37:47', NULL, NULL),
	(32, 'Also Purchased', 'MIN_DISPLAY_ALSO_PURCHASED', '1', 'Minimum number of products to display in the \'This Customer Also Purchased\' box', 2, 16, NULL, '2018-07-12 11:37:47', NULL, NULL),
	(33, 'Address Book Entries', 'MAX_ADDRESS_BOOK_ENTRIES', '5', 'Maximum address book entries a customer is allowed to have', 3, 1, NULL, '2018-07-12 11:37:47', NULL, NULL),
	(34, 'Search Results', 'MAX_DISPLAY_SEARCH_RESULTS', '20', 'Amount of products to list', 3, 2, NULL, '2018-07-12 11:37:47', NULL, NULL),
	(35, 'Page Links', 'MAX_DISPLAY_PAGE_LINKS', '5', 'Number of \'number\' links use for page-sets', 3, 3, NULL, '2018-07-12 11:37:47', NULL, NULL),
	(36, 'Special Products', 'MAX_DISPLAY_SPECIAL_PRODUCTS', '9', 'Maximum number of products on special to display', 3, 4, NULL, '2018-07-12 11:37:47', NULL, NULL),
	(37, 'Manufacturers List', 'MAX_DISPLAY_MANUFACTURERS_IN_A_LIST', '0', 'Used in manufacturers box; when the number of manufacturers exceeds this number, a drop-down list will be displayed instead of the default list', 3, 7, NULL, '2018-07-12 11:37:47', NULL, NULL),
	(38, 'Manufacturers Select Size', 'MAX_MANUFACTURERS_LIST', '1', 'Used in manufacturers box; when this value is \'1\' the classic drop-down list will be used for the manufacturers box. Otherwise, a list-box with the specified number of rows will be displayed.', 3, 7, NULL, '2018-07-12 11:37:47', NULL, NULL),
	(39, 'Length of Manufacturers Name', 'MAX_DISPLAY_MANUFACTURER_NAME_LEN', '15', 'Used in manufacturers box; maximum length of manufacturers name to display', 3, 8, NULL, '2018-07-12 11:37:47', NULL, NULL),
	(40, 'New Reviews', 'MAX_DISPLAY_NEW_REVIEWS', '6', 'Maximum number of new reviews to display', 3, 9, NULL, '2018-07-12 11:37:47', NULL, NULL),
	(41, 'Selection of Random Reviews', 'MAX_RANDOM_SELECT_REVIEWS', '10', 'How many records to select from to choose one random product review', 3, 10, NULL, '2018-07-12 11:37:47', NULL, NULL),
	(42, 'Selection of Random New Products', 'MAX_RANDOM_SELECT_NEW', '10', 'How many records to select from to choose one random new product to display', 3, 11, NULL, '2018-07-12 11:37:47', NULL, NULL),
	(43, 'Selection of Products on Special', 'MAX_RANDOM_SELECT_SPECIALS', '10', 'How many records to select from to choose one random product special to display', 3, 12, NULL, '2018-07-12 11:37:47', NULL, NULL),
	(44, 'Categories To List Per Row', 'MAX_DISPLAY_CATEGORIES_PER_ROW', '3', 'How many categories to list per row', 3, 13, NULL, '2018-07-12 11:37:47', NULL, NULL),
	(45, 'New Products Listing', 'MAX_DISPLAY_PRODUCTS_NEW', '10', 'Maximum number of new products to display in new products page', 3, 14, NULL, '2018-07-12 11:37:47', NULL, NULL),
	(46, 'Best Sellers', 'MAX_DISPLAY_BESTSELLERS', '10', 'Maximum number of best sellers to display', 3, 15, NULL, '2018-07-12 11:37:47', NULL, NULL),
	(47, 'Also Purchased', 'MAX_DISPLAY_ALSO_PURCHASED', '6', 'Maximum number of products to display in the \'This Customer Also Purchased\' box', 3, 16, NULL, '2018-07-12 11:37:47', NULL, NULL),
	(48, 'Customer Order History Box', 'MAX_DISPLAY_PRODUCTS_IN_ORDER_HISTORY_BOX', '6', 'Maximum number of products to display in the customer order history box', 3, 17, NULL, '2018-07-12 11:37:47', NULL, NULL),
	(49, 'Order History', 'MAX_DISPLAY_ORDER_HISTORY', '10', 'Maximum number of orders to display in the order history page', 3, 18, NULL, '2018-07-12 11:37:47', NULL, NULL),
	(50, 'Product Quantities In Shopping Cart', 'MAX_QTY_IN_CART', '99', 'Maximum number of product quantities that can be added to the shopping cart (0 for no limit)', 3, 19, NULL, '2018-07-12 11:37:47', NULL, NULL),
	(51, 'Small Image Width', 'SMALL_IMAGE_WIDTH', '100', 'The pixel width of small images', 4, 1, NULL, '2018-07-12 11:37:47', NULL, NULL),
	(52, 'Small Image Height', 'SMALL_IMAGE_HEIGHT', '80', 'The pixel height of small images', 4, 2, NULL, '2018-07-12 11:37:47', NULL, NULL),
	(53, 'Heading Image Width', 'HEADING_IMAGE_WIDTH', '57', 'The pixel width of heading images', 4, 3, NULL, '2018-07-12 11:37:47', NULL, NULL),
	(54, 'Heading Image Height', 'HEADING_IMAGE_HEIGHT', '40', 'The pixel height of heading images', 4, 4, NULL, '2018-07-12 11:37:47', NULL, NULL),
	(55, 'Subcategory Image Width', 'SUBCATEGORY_IMAGE_WIDTH', '100', 'The pixel width of subcategory images', 4, 5, NULL, '2018-07-12 11:37:47', NULL, NULL),
	(56, 'Subcategory Image Height', 'SUBCATEGORY_IMAGE_HEIGHT', '57', 'The pixel height of subcategory images', 4, 6, NULL, '2018-07-12 11:37:47', NULL, NULL),
	(57, 'Calculate Image Size', 'CONFIG_CALCULATE_IMAGE_SIZE', 'true', 'Calculate the size of images?', 4, 7, NULL, '2018-07-12 11:37:47', NULL, 'tep_cfg_select_option(array(\'true\', \'false\'), '),
	(58, 'Image Required', 'IMAGE_REQUIRED', 'true', 'Enable to display broken images. Good for development.', 4, 8, NULL, '2018-07-12 11:37:47', NULL, 'tep_cfg_select_option(array(\'true\', \'false\'), '),
	(59, 'Gender', 'ACCOUNT_GENDER', 'true', 'Display gender in the customers account', 5, 1, NULL, '2018-07-12 11:37:47', NULL, 'tep_cfg_select_option(array(\'true\', \'false\'), '),
	(60, 'Date of Birth', 'ACCOUNT_DOB', 'true', 'Display date of birth in the customers account', 5, 2, NULL, '2018-07-12 11:37:47', NULL, 'tep_cfg_select_option(array(\'true\', \'false\'), '),
	(61, 'Company', 'ACCOUNT_COMPANY', 'true', 'Display company in the customers account', 5, 3, NULL, '2018-07-12 11:37:47', NULL, 'tep_cfg_select_option(array(\'true\', \'false\'), '),
	(62, 'Suburb', 'ACCOUNT_SUBURB', 'true', 'Display suburb in the customers account', 5, 4, NULL, '2018-07-12 11:37:47', NULL, 'tep_cfg_select_option(array(\'true\', \'false\'), '),
	(63, 'State', 'ACCOUNT_STATE', 'true', 'Display state in the customers account', 5, 5, NULL, '2018-07-12 11:37:47', NULL, 'tep_cfg_select_option(array(\'true\', \'false\'), '),
	(64, 'Installed Modules', 'MODULE_PAYMENT_INSTALLED', 'cod.php', 'List of payment module filenames separated by a semi-colon. This is automatically updated. No need to edit. (Example: cod.php;paypal_express.php)', 6, 0, NULL, '2018-07-12 11:37:47', NULL, NULL),
	(65, 'Installed Modules', 'MODULE_ORDER_TOTAL_INSTALLED', 'ot_subtotal.php;ot_shipping.php;ot_tax.php;ot_total.php', 'List of order_total module filenames separated by a semi-colon. This is automatically updated. No need to edit. (Example: ot_subtotal.php;ot_tax.php;ot_shipping.php;ot_total.php)', 6, 0, '2018-07-12 14:00:21', '2018-07-12 11:37:47', NULL, NULL),
	(66, 'Installed Modules', 'MODULE_SHIPPING_INSTALLED', 'flat.php', 'List of shipping module filenames separated by a semi-colon. This is automatically updated. No need to edit. (Example: ups.php;flat.php;item.php)', 6, 0, NULL, '2018-07-12 11:37:47', NULL, NULL),
	(67, 'Installed Modules', 'MODULE_ACTION_RECORDER_INSTALLED', 'ar_admin_login.php;ar_contact_us.php;ar_reset_password.php;ar_tell_a_friend.php', 'List of action recorder module filenames separated by a semi-colon. This is automatically updated. No need to edit.', 6, 0, NULL, '2018-07-12 11:37:47', NULL, NULL),
	(68, 'Installed Modules', 'MODULE_SOCIAL_BOOKMARKS_INSTALLED', 'sb_email.php;sb_google_plus_share.php;sb_facebook.php;sb_twitter.php;sb_pinterest.php', 'List of social bookmark module filenames separated by a semi-colon. This is automatically updated. No need to edit.', 6, 0, '2018-07-12 12:23:23', '2018-07-12 11:37:47', NULL, NULL),
	(69, 'Installed Modules', 'MODULE_CONTENT_NAVBAR_INSTALLED', 'nb_hamburger_button.php;nb_search_link.php;nb_currencies.php;nb_account.php;nb_languages.php;nb_shopping_cart.php', 'List of navbar module filenames separated by a semi-colon. This is automatically updated. No need to edit.', 6, 0, '2018-07-26 12:35:59', '2018-07-12 11:37:47', NULL, NULL),
	(70, 'Enable Cash On Delivery Module', 'MODULE_PAYMENT_COD_STATUS', 'True', 'Do you want to accept Cash On Delevery payments?', 6, 1, NULL, '2018-07-12 11:37:47', NULL, 'tep_cfg_select_option(array(\'True\', \'False\'), '),
	(71, 'Payment Zone', 'MODULE_PAYMENT_COD_ZONE', '0', 'If a zone is selected, only enable this payment method for that zone.', 6, 2, NULL, '2018-07-12 11:37:47', 'tep_get_zone_class_title', 'tep_cfg_pull_down_zone_classes('),
	(72, 'Sort order of display.', 'MODULE_PAYMENT_COD_SORT_ORDER', '0', 'Sort order of display. Lowest is displayed first.', 6, 0, NULL, '2018-07-12 11:37:47', NULL, NULL),
	(73, 'Set Order Status', 'MODULE_PAYMENT_COD_ORDER_STATUS_ID', '0', 'Set the status of orders made with this payment module to this value', 6, 0, NULL, '2018-07-12 11:37:47', 'tep_get_order_status_name', 'tep_cfg_pull_down_order_statuses('),
	(74, 'Enable Flat Shipping', 'MODULE_SHIPPING_FLAT_STATUS', 'True', 'Do you want to offer flat rate shipping?', 6, 0, NULL, '2018-07-12 11:37:47', NULL, 'tep_cfg_select_option(array(\'True\', \'False\'), '),
	(75, 'Shipping Cost', 'MODULE_SHIPPING_FLAT_COST', '5.00', 'The shipping cost for all orders using this shipping method.', 6, 0, NULL, '2018-07-12 11:37:47', NULL, NULL),
	(76, 'Tax Class', 'MODULE_SHIPPING_FLAT_TAX_CLASS', '0', 'Use the following tax class on the shipping fee.', 6, 0, NULL, '2018-07-12 11:37:47', 'tep_get_tax_class_title', 'tep_cfg_pull_down_tax_classes('),
	(77, 'Shipping Zone', 'MODULE_SHIPPING_FLAT_ZONE', '0', 'If a zone is selected, only enable this shipping method for that zone.', 6, 0, NULL, '2018-07-12 11:37:47', 'tep_get_zone_class_title', 'tep_cfg_pull_down_zone_classes('),
	(78, 'Sort Order', 'MODULE_SHIPPING_FLAT_SORT_ORDER', '0', 'Sort order of display.', 6, 0, NULL, '2018-07-12 11:37:47', NULL, NULL),
	(79, 'Default Currency', 'DEFAULT_CURRENCY', 'USD', 'Default Currency', 6, 0, NULL, '2018-07-12 11:37:47', NULL, NULL),
	(80, 'Default Language', 'DEFAULT_LANGUAGE', 'en', 'Default Language', 6, 0, NULL, '2018-07-12 11:37:47', NULL, NULL),
	(81, 'Default Order Status For New Orders', 'DEFAULT_ORDERS_STATUS_ID', '1', 'When a new order is created, this order status will be assigned to it.', 6, 0, NULL, '2018-07-12 11:37:47', NULL, NULL),
	(82, 'Display Shipping', 'MODULE_ORDER_TOTAL_SHIPPING_STATUS', 'true', 'Do you want to display the order shipping cost?', 6, 1, NULL, '2018-07-12 11:37:47', NULL, 'tep_cfg_select_option(array(\'true\', \'false\'), '),
	(83, 'Sort Order', 'MODULE_ORDER_TOTAL_SHIPPING_SORT_ORDER', '2', 'Sort order of display.', 6, 2, NULL, '2018-07-12 11:37:47', NULL, NULL),
	(84, 'Allow Free Shipping', 'MODULE_ORDER_TOTAL_SHIPPING_FREE_SHIPPING', 'false', 'Do you want to allow free shipping?', 6, 3, NULL, '2018-07-12 11:37:47', NULL, 'tep_cfg_select_option(array(\'true\', \'false\'), '),
	(85, 'Free Shipping For Orders Over', 'MODULE_ORDER_TOTAL_SHIPPING_FREE_SHIPPING_OVER', '50', 'Provide free shipping for orders over the set amount.', 6, 4, NULL, '2018-07-12 11:37:47', 'currencies->format', NULL),
	(86, 'Provide Free Shipping For Orders Made', 'MODULE_ORDER_TOTAL_SHIPPING_DESTINATION', 'national', 'Provide free shipping for orders sent to the set destination.', 6, 5, NULL, '2018-07-12 11:37:47', NULL, 'tep_cfg_select_option(array(\'national\', \'international\', \'both\'), '),
	(87, 'Display Sub-Total', 'MODULE_ORDER_TOTAL_SUBTOTAL_STATUS', 'true', 'Do you want to display the order sub-total cost?', 6, 1, NULL, '2018-07-12 11:37:47', NULL, 'tep_cfg_select_option(array(\'true\', \'false\'), '),
	(88, 'Sort Order', 'MODULE_ORDER_TOTAL_SUBTOTAL_SORT_ORDER', '1', 'Sort order of display.', 6, 2, NULL, '2018-07-12 11:37:47', NULL, NULL),
	(89, 'Display Tax', 'MODULE_ORDER_TOTAL_TAX_STATUS', 'true', 'Do you want to display the order tax value?', 6, 1, NULL, '2018-07-12 11:37:47', NULL, 'tep_cfg_select_option(array(\'true\', \'false\'), '),
	(90, 'Sort Order', 'MODULE_ORDER_TOTAL_TAX_SORT_ORDER', '3', 'Sort order of display.', 6, 2, NULL, '2018-07-12 11:37:47', NULL, NULL),
	(91, 'Display Total', 'MODULE_ORDER_TOTAL_TOTAL_STATUS', 'true', 'Do you want to display the total order value?', 6, 1, NULL, '2018-07-12 11:37:47', NULL, 'tep_cfg_select_option(array(\'true\', \'false\'), '),
	(92, 'Sort Order', 'MODULE_ORDER_TOTAL_TOTAL_SORT_ORDER', '4', 'Sort order of display.', 6, 2, NULL, '2018-07-12 11:37:47', NULL, NULL),
	(93, 'Minimum Minutes Per E-Mail', 'MODULE_ACTION_RECORDER_CONTACT_US_EMAIL_MINUTES', '15', 'Minimum number of minutes to allow 1 e-mail to be sent (eg, 15 for 1 e-mail every 15 minutes)', 6, 0, NULL, '2018-07-12 11:37:47', NULL, NULL),
	(94, 'Minimum Minutes Per E-Mail', 'MODULE_ACTION_RECORDER_TELL_A_FRIEND_EMAIL_MINUTES', '15', 'Minimum number of minutes to allow 1 e-mail to be sent (eg, 15 for 1 e-mail every 15 minutes)', 6, 0, NULL, '2018-07-12 11:37:47', NULL, NULL),
	(95, 'Allowed Minutes', 'MODULE_ACTION_RECORDER_ADMIN_LOGIN_MINUTES', '5', 'Number of minutes to allow login attempts to occur.', 6, 0, NULL, '2018-07-12 11:37:47', NULL, NULL),
	(96, 'Allowed Attempts', 'MODULE_ACTION_RECORDER_ADMIN_LOGIN_ATTEMPTS', '3', 'Number of login attempts to allow within the specified period.', 6, 0, NULL, '2018-07-12 11:37:47', NULL, NULL),
	(97, 'Allowed Minutes', 'MODULE_ACTION_RECORDER_RESET_PASSWORD_MINUTES', '5', 'Number of minutes to allow password resets to occur.', 6, 0, NULL, '2018-07-12 11:37:47', NULL, NULL),
	(98, 'Allowed Attempts', 'MODULE_ACTION_RECORDER_RESET_PASSWORD_ATTEMPTS', '1', 'Number of password reset attempts to allow within the specified period.', 6, 0, NULL, '2018-07-12 11:37:47', NULL, NULL),
	(99, 'Enable E-Mail Module', 'MODULE_SOCIAL_BOOKMARKS_EMAIL_STATUS', 'True', 'Do you want to allow products to be shared through e-mail?', 6, 1, NULL, '2018-07-12 11:37:47', NULL, 'tep_cfg_select_option(array(\'True\', \'False\'), '),
	(100, 'Sort Order', 'MODULE_SOCIAL_BOOKMARKS_EMAIL_SORT_ORDER', '10', 'Sort order of display. Lowest is displayed first.', 6, 0, NULL, '2018-07-12 11:37:47', NULL, NULL),
	(101, 'Enable Google+ Share Module', 'MODULE_SOCIAL_BOOKMARKS_GOOGLE_PLUS_SHARE_STATUS', 'True', 'Do you want to allow products to be shared through Google+?', 6, 1, NULL, '2018-07-12 11:37:47', NULL, 'tep_cfg_select_option(array(\'True\', \'False\'), '),
	(102, 'Annotation', 'MODULE_SOCIAL_BOOKMARKS_GOOGLE_PLUS_SHARE_ANNOTATION', 'None', 'The annotation to display next to the button.', 6, 1, NULL, '2018-07-12 11:37:47', NULL, 'tep_cfg_select_option(array(\'Inline\', \'Bubble\', \'Vertical-Bubble\', \'None\'), '),
	(103, 'Width', 'MODULE_SOCIAL_BOOKMARKS_GOOGLE_PLUS_SHARE_WIDTH', '', 'The maximum width of the button.', 6, 0, NULL, '2018-07-12 11:37:47', NULL, NULL),
	(104, 'Height', 'MODULE_SOCIAL_BOOKMARKS_GOOGLE_PLUS_SHARE_HEIGHT', '15', 'Sets the height of the button.', 6, 1, NULL, '2018-07-12 11:37:47', NULL, 'tep_cfg_select_option(array(\'15\', \'20\', \'24\', \'60\'), '),
	(105, 'Alignment', 'MODULE_SOCIAL_BOOKMARKS_GOOGLE_PLUS_SHARE_ALIGN', 'Left', 'The alignment of the button assets.', 6, 1, NULL, '2018-07-12 11:37:47', NULL, 'tep_cfg_select_option(array(\'Left\', \'Right\'), '),
	(106, 'Sort Order', 'MODULE_SOCIAL_BOOKMARKS_GOOGLE_PLUS_SHARE_SORT_ORDER', '20', 'Sort order of display. Lowest is displayed first.', 6, 0, NULL, '2018-07-12 11:37:47', NULL, NULL),
	(107, 'Enable Facebook Module', 'MODULE_SOCIAL_BOOKMARKS_FACEBOOK_STATUS', 'True', 'Do you want to allow products to be shared through Facebook?', 6, 1, NULL, '2018-07-12 11:37:47', NULL, 'tep_cfg_select_option(array(\'True\', \'False\'), '),
	(108, 'Sort Order', 'MODULE_SOCIAL_BOOKMARKS_FACEBOOK_SORT_ORDER', '30', 'Sort order of display. Lowest is displayed first.', 6, 0, NULL, '2018-07-12 11:37:47', NULL, NULL),
	(109, 'Enable Twitter Module', 'MODULE_SOCIAL_BOOKMARKS_TWITTER_STATUS', 'True', 'Do you want to allow products to be shared through Twitter?', 6, 1, NULL, '2018-07-12 11:37:47', NULL, 'tep_cfg_select_option(array(\'True\', \'False\'), '),
	(110, 'Sort Order', 'MODULE_SOCIAL_BOOKMARKS_TWITTER_SORT_ORDER', '40', 'Sort order of display. Lowest is displayed first.', 6, 0, NULL, '2018-07-12 11:37:47', NULL, NULL),
	(111, 'Enable Pinterest Module', 'MODULE_SOCIAL_BOOKMARKS_PINTEREST_STATUS', 'True', 'Do you want to allow Pinterest Button?', 6, 1, NULL, '2018-07-12 11:37:47', NULL, 'tep_cfg_select_option(array(\'True\', \'False\'), '),
	(112, 'Layout Position', 'MODULE_SOCIAL_BOOKMARKS_PINTEREST_BUTTON_COUNT_POSITION', 'None', 'Horizontal or Vertical or None', 6, 2, NULL, '2018-07-12 11:37:47', NULL, 'tep_cfg_select_option(array(\'Horizontal\', \'Vertical\', \'None\'), '),
	(113, 'Sort Order', 'MODULE_SOCIAL_BOOKMARKS_PINTEREST_SORT_ORDER', '50', 'Sort order of display. Lowest is displayed first.', 6, 0, NULL, '2018-07-12 11:37:47', NULL, NULL),
	(114, 'Country of Origin', 'SHIPPING_ORIGIN_COUNTRY', '223', 'Select the country of origin to be used in shipping quotes.', 7, 1, NULL, '2018-07-12 11:37:47', 'tep_get_country_name', 'tep_cfg_pull_down_country_list('),
	(115, 'Postal Code', 'SHIPPING_ORIGIN_ZIP', 'NONE', 'Enter the Postal Code (ZIP) of the Store to be used in shipping quotes.', 7, 2, NULL, '2018-07-12 11:37:47', NULL, NULL),
	(116, 'Enter the Maximum Package Weight you will ship', 'SHIPPING_MAX_WEIGHT', '50', 'Carriers have a max weight limit for a single package. This is a common one for all.', 7, 3, NULL, '2018-07-12 11:37:47', NULL, NULL),
	(117, 'Package Tare weight.', 'SHIPPING_BOX_WEIGHT', '3', 'What is the weight of typical packaging of small to medium packages?', 7, 4, NULL, '2018-07-12 11:37:47', NULL, NULL),
	(118, 'Larger packages - percentage increase.', 'SHIPPING_BOX_PADDING', '10', 'For 10% enter 10', 7, 5, NULL, '2018-07-12 11:37:47', NULL, NULL),
	(119, 'Allow Orders Not Matching Defined Shipping Zones ', 'SHIPPING_ALLOW_UNDEFINED_ZONES', 'False', 'Should orders be allowed to shipping addresses not matching defined shipping module shipping zones?', 7, 5, NULL, '2018-07-12 11:37:47', NULL, 'tep_cfg_select_option(array(\'True\', \'False\'), '),
	(120, 'Display Product Image (0=disable; 1=enable)', 'PRODUCT_LIST_IMAGE', '1', 'Do you want to display the Product Image?', 8, 1, NULL, '2018-07-12 11:37:47', NULL, NULL),
	(121, 'Display Product Manufacturer Name (0=disable; 1=enable)', 'PRODUCT_LIST_MANUFACTURER', '0', 'Do you want to display the Product Manufacturer Name?', 8, 2, NULL, '2018-07-12 11:37:47', NULL, NULL),
	(122, 'Display Product Model (0=disable; 1=enable)', 'PRODUCT_LIST_MODEL', '0', 'Do you want to display the Product Model?', 8, 3, NULL, '2018-07-12 11:37:47', NULL, NULL),
	(123, 'Display Product Name (0=disable; 1=enable)', 'PRODUCT_LIST_NAME', '1', 'Do you want to display the Product Name?', 8, 4, NULL, '2018-07-12 11:37:47', NULL, NULL),
	(124, 'Display Product Price (0=disable; 1=enable)', 'PRODUCT_LIST_PRICE', '1', 'Do you want to display the Product Price', 8, 5, NULL, '2018-07-12 11:37:47', NULL, NULL),
	(125, 'Display Product Quantity (0=disable; 1=enable)', 'PRODUCT_LIST_QUANTITY', '0', 'Do you want to display the Product Quantity?', 8, 6, NULL, '2018-07-12 11:37:47', NULL, NULL),
	(126, 'Display Product Weight (0=disable; 1=enable)', 'PRODUCT_LIST_WEIGHT', '0', 'Do you want to display the Product Weight?', 8, 7, NULL, '2018-07-12 11:37:47', NULL, NULL),
	(127, 'Display Buy Now column (0=disable; 1=enable)', 'PRODUCT_LIST_BUY_NOW', '1', 'Do you want to display the Buy Now column?', 8, 8, NULL, '2018-07-12 11:37:47', NULL, NULL),
	(128, 'Display Category/Manufacturer Filter (0=disable; 1=enable)', 'PRODUCT_LIST_FILTER', '1', 'Do you want to display the Category/Manufacturer Filter?', 8, 9, NULL, '2018-07-12 11:37:47', NULL, NULL),
	(129, 'Location of Prev/Next Navigation Bar (1-top, 2-bottom, 3-both)', 'PREV_NEXT_BAR_LOCATION', '2', 'Sets the location of the Prev/Next Navigation Bar (1-top, 2-bottom, 3-both)', 8, 10, NULL, '2018-07-12 11:37:47', NULL, NULL),
	(130, 'Check stock level', 'STOCK_CHECK', 'true', 'Check to see if sufficent stock is available', 9, 1, NULL, '2018-07-12 11:37:47', NULL, 'tep_cfg_select_option(array(\'true\', \'false\'), '),
	(131, 'Subtract stock', 'STOCK_LIMITED', 'true', 'Subtract product in stock by product orders', 9, 2, NULL, '2018-07-12 11:37:47', NULL, 'tep_cfg_select_option(array(\'true\', \'false\'), '),
	(132, 'Allow Checkout', 'STOCK_ALLOW_CHECKOUT', 'true', 'Allow customer to checkout even if there is insufficient stock', 9, 3, NULL, '2018-07-12 11:37:47', NULL, 'tep_cfg_select_option(array(\'true\', \'false\'), '),
	(133, 'Mark product out of stock', 'STOCK_MARK_PRODUCT_OUT_OF_STOCK', '***', 'Display something on screen so customer can see which product has insufficient stock', 9, 4, NULL, '2018-07-12 11:37:47', NULL, NULL),
	(134, 'Stock Re-order level', 'STOCK_REORDER_LEVEL', '5', 'Define when stock needs to be re-ordered', 9, 5, NULL, '2018-07-12 11:37:47', NULL, NULL),
	(135, 'Store Page Parse Time', 'STORE_PAGE_PARSE_TIME', 'false', 'Store the time it takes to parse a page', 10, 1, NULL, '2018-07-12 11:37:47', NULL, 'tep_cfg_select_option(array(\'true\', \'false\'), '),
	(136, 'Log Destination', 'STORE_PAGE_PARSE_TIME_LOG', '/var/log/www/tep/page_parse_time.log', 'Directory and filename of the page parse time log', 10, 2, NULL, '2018-07-12 11:37:47', NULL, NULL),
	(137, 'Log Date Format', 'STORE_PARSE_DATE_TIME_FORMAT', '%d/%m/%Y %H:%M:%S', 'The date format', 10, 3, NULL, '2018-07-12 11:37:47', NULL, NULL),
	(138, 'Display The Page Parse Time', 'DISPLAY_PAGE_PARSE_TIME', 'true', 'Display the page parse time (store page parse time must be enabled)', 10, 4, NULL, '2018-07-12 11:37:47', NULL, 'tep_cfg_select_option(array(\'true\', \'false\'), '),
	(139, 'Store Database Queries', 'STORE_DB_TRANSACTIONS', 'false', 'Store the database queries in the page parse time log', 10, 5, NULL, '2018-07-12 11:37:47', NULL, 'tep_cfg_select_option(array(\'true\', \'false\'), '),
	(140, 'Use Cache', 'USE_CACHE', 'false', 'Use caching features', 11, 1, NULL, '2018-07-12 11:37:47', NULL, 'tep_cfg_select_option(array(\'true\', \'false\'), '),
	(141, 'Cache Directory', 'DIR_FS_CACHE', 'C:/OSPanel/domains/alfurat-responsive/includes/work/', 'The directory where the cached files are saved', 11, 2, NULL, '2018-07-12 11:37:47', NULL, NULL),
	(142, 'E-Mail Transport Method', 'EMAIL_TRANSPORT', 'sendmail', 'Defines if this server uses a local connection to sendmail or uses an SMTP connection via TCP/IP. Servers running on Windows and MacOS should change this setting to SMTP.', 12, 1, NULL, '2018-07-12 11:37:47', NULL, 'tep_cfg_select_option(array(\'sendmail\', \'smtp\'),'),
	(143, 'E-Mail Linefeeds', 'EMAIL_LINEFEED', 'LF', 'Defines the character sequence used to separate mail headers.', 12, 2, NULL, '2018-07-12 11:37:47', NULL, 'tep_cfg_select_option(array(\'LF\', \'CRLF\'),'),
	(144, 'Use MIME HTML When Sending Emails', 'EMAIL_USE_HTML', 'false', 'Send e-mails in HTML format', 12, 3, NULL, '2018-07-12 11:37:47', NULL, 'tep_cfg_select_option(array(\'true\', \'false\'),'),
	(145, 'Verify E-Mail Addresses Through DNS', 'ENTRY_EMAIL_ADDRESS_CHECK', 'false', 'Verify e-mail address through a DNS server', 12, 4, NULL, '2018-07-12 11:37:47', NULL, 'tep_cfg_select_option(array(\'true\', \'false\'), '),
	(146, 'Send E-Mails', 'SEND_EMAILS', 'true', 'Send out e-mails', 12, 5, NULL, '2018-07-12 11:37:47', NULL, 'tep_cfg_select_option(array(\'true\', \'false\'), '),
	(147, 'Enable download', 'DOWNLOAD_ENABLED', 'false', 'Enable the products download functions.', 13, 1, NULL, '2018-07-12 11:37:47', NULL, 'tep_cfg_select_option(array(\'true\', \'false\'), '),
	(148, 'Download by redirect', 'DOWNLOAD_BY_REDIRECT', 'false', 'Use browser redirection for download. Disable on non-Unix systems.', 13, 2, NULL, '2018-07-12 11:37:47', NULL, 'tep_cfg_select_option(array(\'true\', \'false\'), '),
	(149, 'Expiry delay (days)', 'DOWNLOAD_MAX_DAYS', '7', 'Set number of days before the download link expires. 0 means no limit.', 13, 3, NULL, '2018-07-12 11:37:47', NULL, ''),
	(150, 'Maximum number of downloads', 'DOWNLOAD_MAX_COUNT', '5', 'Set the maximum number of downloads. 0 means no download authorized.', 13, 4, NULL, '2018-07-12 11:37:47', NULL, ''),
	(151, 'Enable GZip Compression', 'GZIP_COMPRESSION', 'false', 'Enable HTTP GZip compression.', 14, 1, NULL, '2018-07-12 11:37:47', NULL, 'tep_cfg_select_option(array(\'true\', \'false\'), '),
	(152, 'Compression Level', 'GZIP_LEVEL', '5', 'Use this compression level 0-9 (0 = minimum, 9 = maximum).', 14, 2, NULL, '2018-07-12 11:37:47', NULL, NULL),
	(153, 'Session Directory', 'SESSION_WRITE_DIRECTORY', 'C:/OSPanel/domains/alfurat-responsive/includes/work/', 'If sessions are file based, store them in this directory.', 15, 1, NULL, '2018-07-12 11:37:47', NULL, NULL),
	(154, 'Force Cookie Use', 'SESSION_FORCE_COOKIE_USE', 'False', 'Force the use of sessions when cookies are only enabled.', 15, 2, NULL, '2018-07-12 11:37:47', NULL, 'tep_cfg_select_option(array(\'True\', \'False\'), '),
	(155, 'Check SSL Session ID', 'SESSION_CHECK_SSL_SESSION_ID', 'False', 'Validate the SSL_SESSION_ID on every secure HTTPS page request.', 15, 3, NULL, '2018-07-12 11:37:47', NULL, 'tep_cfg_select_option(array(\'True\', \'False\'), '),
	(156, 'Check User Agent', 'SESSION_CHECK_USER_AGENT', 'False', 'Validate the clients browser user agent on every page request.', 15, 4, NULL, '2018-07-12 11:37:47', NULL, 'tep_cfg_select_option(array(\'True\', \'False\'), '),
	(157, 'Check IP Address', 'SESSION_CHECK_IP_ADDRESS', 'False', 'Validate the clients IP address on every page request.', 15, 5, NULL, '2018-07-12 11:37:47', NULL, 'tep_cfg_select_option(array(\'True\', \'False\'), '),
	(158, 'Prevent Spider Sessions', 'SESSION_BLOCK_SPIDERS', 'True', 'Prevent known spiders from starting a session.', 15, 6, NULL, '2018-07-12 11:37:47', NULL, 'tep_cfg_select_option(array(\'True\', \'False\'), '),
	(159, 'Recreate Session', 'SESSION_RECREATE', 'True', 'Recreate the session to generate a new session ID when the customer logs on or creates an account (PHP >=4.1 needed).', 15, 7, NULL, '2018-07-12 11:37:47', NULL, 'tep_cfg_select_option(array(\'True\', \'False\'), '),
	(160, 'Last Update Check Time', 'LAST_UPDATE_CHECK_TIME', '', 'Last time a check for new versions of osCommerce was run', 6, 0, NULL, '2018-07-12 11:37:47', NULL, NULL),
	(161, 'Store Logo', 'STORE_LOGO', 'store_logo2.png', 'This is the filename of your Store Logo.  This should be updated at admin > configuration > Store Logo', 6, 1000, NULL, '2018-07-12 11:37:47', NULL, NULL),
	(162, 'Bootstrap Container', 'BOOTSTRAP_CONTAINER', 'container-fluid', 'What type of container should the page content be shown in? See http://getbootstrap.com/css/#overview-container', 16, 1, NULL, '2018-07-12 11:37:47', NULL, 'tep_cfg_select_option(array(\'container-fluid\', \'container\'), '),
	(163, 'Bootstrap Content', 'BOOTSTRAP_CONTENT', '8', 'What width should the page content default to?  (8 = two thirds width, 6 = half width, 4 = one third width) Note that the Side Column(s) will adjust automatically.', 16, 2, NULL, '2018-07-12 11:37:47', NULL, 'tep_cfg_select_option(array(\'8\', \'6\', \'4\'), '),
	(164, 'Installed Modules', 'MODULE_HEADER_TAGS_INSTALLED', 'ht_manufacturer_title.php;ht_category_title.php;ht_product_title.php;ht_canonical.php;ht_robot_noindex.php;ht_datepicker_jquery.php;ht_grid_list_view.php;ht_table_click_jquery.php;ht_breadcrumb_schema.php;ht_product_colorbox.php', 'List of header tag module filenames separated by a semi-colon. This is automatically updated. No need to edit.', 6, 0, '2018-07-12 12:27:13', '2018-07-12 11:37:47', NULL, NULL),
	(165, 'Enable Category Title Module', 'MODULE_HEADER_TAGS_CATEGORY_TITLE_STATUS', 'True', 'Do you want to allow category titles to be added to the page title?', 6, 1, NULL, '2018-07-12 11:37:47', NULL, 'tep_cfg_select_option(array(\'True\', \'False\'), '),
	(166, 'Sort Order', 'MODULE_HEADER_TAGS_CATEGORY_TITLE_SORT_ORDER', '200', 'Sort order of display. Lowest is displayed first.', 6, 0, NULL, '2018-07-12 11:37:47', NULL, NULL),
	(167, 'SEO Title Override?', 'MODULE_HEADER_TAGS_CATEGORY_TITLE_SEO_TITLE_OVERRIDE', 'True', 'Do you want to allow category titles to be over-ridden by your SEO Titles (if set)?', 6, 0, NULL, '2018-07-12 11:37:47', NULL, 'tep_cfg_select_option(array(\'True\', \'False\'), '),
	(168, 'SEO Breadcrumb Override?', 'MODULE_HEADER_TAGS_CATEGORY_TITLE_SEO_BREADCRUMB_OVERRIDE', 'True', 'Do you want to allow category names in the breadcrumb to be over-ridden by your SEO Titles (if set)?', 6, 0, NULL, '2018-07-12 11:37:47', NULL, 'tep_cfg_select_option(array(\'True\', \'False\'), '),
	(169, 'Enable Manufacturer Title Module', 'MODULE_HEADER_TAGS_MANUFACTURER_TITLE_STATUS', 'True', 'Do you want to allow manufacturer titles to be added to the page title?', 6, 1, NULL, '2018-07-12 11:37:47', NULL, 'tep_cfg_select_option(array(\'True\', \'False\'), '),
	(170, 'Sort Order', 'MODULE_HEADER_TAGS_MANUFACTURER_TITLE_SORT_ORDER', '100', 'Sort order of display. Lowest is displayed first.', 6, 0, NULL, '2018-07-12 11:37:47', NULL, NULL),
	(171, 'SEO Title Override?', 'MODULE_HEADER_TAGS_MANUFACTURER_TITLE_SEO_TITLE_OVERRIDE', 'True', 'Do you want to allow manufacturer names to be over-ridden by your SEO Titles (if set)?', 6, 0, NULL, '2018-07-12 11:37:47', NULL, 'tep_cfg_select_option(array(\'True\', \'False\'), '),
	(172, 'SEO Breadcrumb Override?', 'MODULE_HEADER_TAGS_MANUFACTURER_TITLE_SEO_BREADCRUMB_OVERRIDE', 'True', 'Do you want to allow manufacturer names in the breadcrumb to be over-ridden by your SEO Titles (if set)?', 6, 0, NULL, '2018-07-12 11:37:47', NULL, 'tep_cfg_select_option(array(\'True\', \'False\'), '),
	(173, 'Enable Product Title Module', 'MODULE_HEADER_TAGS_PRODUCT_TITLE_STATUS', 'True', 'Do you want to allow product titles to be added to the page title?', 6, 1, NULL, '2018-07-12 11:37:47', NULL, 'tep_cfg_select_option(array(\'True\', \'False\'), '),
	(174, 'Sort Order', 'MODULE_HEADER_TAGS_PRODUCT_TITLE_SORT_ORDER', '300', 'Sort order of display. Lowest is displayed first.', 6, 0, NULL, '2018-07-12 11:37:47', NULL, NULL),
	(175, 'SEO Title Override?', 'MODULE_HEADER_TAGS_PRODUCT_TITLE_SEO_TITLE_OVERRIDE', 'True', 'Do you want to allow product titles to be over-ridden by your SEO Titles (if set)?', 6, 0, NULL, '2018-07-12 11:37:47', NULL, 'tep_cfg_select_option(array(\'True\', \'False\'), '),
	(176, 'SEO Breadcrumb Override?', 'MODULE_HEADER_TAGS_PRODUCT_TITLE_SEO_BREADCRUMB_OVERRIDE', 'True', 'Do you want to allow product names in the breadcrumb to be over-ridden by your SEO Titles (if set)?', 6, 0, NULL, '2018-07-12 11:37:47', NULL, 'tep_cfg_select_option(array(\'True\', \'False\'), '),
	(177, 'Enable Canonical Module', 'MODULE_HEADER_TAGS_CANONICAL_STATUS', 'True', 'Do you want to enable the Canonical module?', 6, 1, NULL, '2018-07-12 11:37:47', NULL, 'tep_cfg_select_option(array(\'True\', \'False\'), '),
	(178, 'Sort Order', 'MODULE_HEADER_TAGS_CANONICAL_SORT_ORDER', '400', 'Sort order of display. Lowest is displayed first.', 6, 0, NULL, '2018-07-12 11:37:47', NULL, NULL),
	(179, 'Enable Robot NoIndex Module', 'MODULE_HEADER_TAGS_ROBOT_NOINDEX_STATUS', 'True', 'Do you want to enable the Robot NoIndex module?', 6, 1, NULL, '2018-07-12 11:37:47', NULL, 'tep_cfg_select_option(array(\'True\', \'False\'), '),
	(180, 'Pages', 'MODULE_HEADER_TAGS_ROBOT_NOINDEX_PAGES', 'account.php;account_edit.php;account_history.php;account_history_info.php;account_newsletters.php;account_notifications.php;account_password.php;address_book.php;address_book_process.php;checkout_confirmation.php;checkout_payment.php;checkout_payment_address.php;checkout_process.php;checkout_shipping.php;checkout_shipping_address.php;checkout_success.php;cookie_usage.php;create_account.php;create_account_success.php;login.php;logoff.php;password_forgotten.php;password_reset.php;product_reviews_write.php;shopping_cart.php;ssl_check.php;tell_a_friend.php', 'The pages to add the meta robot noindex tag to.', 6, 0, NULL, '2018-07-12 11:37:47', 'ht_robot_noindex_show_pages', 'ht_robot_noindex_edit_pages('),
	(181, 'Sort Order', 'MODULE_HEADER_TAGS_ROBOT_NOINDEX_SORT_ORDER', '500', 'Sort order of display. Lowest is displayed first.', 6, 0, NULL, '2018-07-12 11:37:47', NULL, NULL),
	(182, 'Enable Datepicker jQuery Module', 'MODULE_HEADER_TAGS_DATEPICKER_JQUERY_STATUS', 'True', 'Do you want to enable the Datepicker module?', 6, 1, NULL, '2018-07-12 11:37:47', NULL, 'tep_cfg_select_option(array(\'True\', \'False\'), '),
	(183, 'Pages', 'MODULE_HEADER_TAGS_DATEPICKER_JQUERY_PAGES', 'advanced_search.php;account_edit.php;create_account.php', 'The pages to add the Datepicker jQuery Scripts to.', 6, 0, NULL, '2018-07-12 11:37:47', 'ht_datepicker_jquery_show_pages', 'ht_datepicker_jquery_edit_pages('),
	(184, 'Sort Order', 'MODULE_HEADER_TAGS_DATEPICKER_JQUERY_SORT_ORDER', '600', 'Sort order of display. Lowest is displayed first.', 6, 0, NULL, '2018-07-12 11:37:47', NULL, NULL),
	(185, 'Enable Grid List javascript', 'MODULE_HEADER_TAGS_GRID_LIST_VIEW_STATUS', 'True', 'Do you want to enable the Grid/List Javascript module?', 6, 1, NULL, '2018-07-12 11:37:47', NULL, 'tep_cfg_select_option(array(\'True\', \'False\'), '),
	(186, 'Pages', 'MODULE_HEADER_TAGS_GRID_LIST_VIEW_PAGES', 'advanced_search_result.php;index.php;products_new.php;specials.php', 'The pages to add the Grid List JS Scripts to.', 6, 0, NULL, '2018-07-12 11:37:47', 'ht_grid_list_view_show_pages', 'ht_grid_list_view_edit_pages('),
	(187, 'Sort Order', 'MODULE_HEADER_TAGS_GRID_LIST_VIEW_SORT_ORDER', '700', 'Sort order of display. Lowest is displayed first.', 6, 0, NULL, '2018-07-12 11:37:47', NULL, NULL),
	(188, 'Enable Clickable Table Rows Module', 'MODULE_HEADER_TAGS_TABLE_CLICK_JQUERY_STATUS', 'True', 'Do you want to enable the Clickable Table Rows module?', 6, 1, NULL, '2018-07-12 11:37:47', NULL, 'tep_cfg_select_option(array(\'True\', \'False\'), '),
	(189, 'Pages', 'MODULE_HEADER_TAGS_TABLE_CLICK_JQUERY_PAGES', 'checkout_payment.php;checkout_shipping.php', 'The pages to add the jQuery Scripts to.', 6, 0, NULL, '2018-07-12 11:37:47', 'ht_table_click_jquery_show_pages', 'ht_table_click_jquery_edit_pages('),
	(190, 'Sort Order', 'MODULE_HEADER_TAGS_TABLE_CLICK_JQUERY_SORT_ORDER', '800', 'Sort order of display. Lowest is displayed first.', 6, 0, NULL, '2018-07-12 11:37:47', NULL, NULL),
	(191, 'Enable Colorbox Script', 'MODULE_HEADER_TAGS_PRODUCT_COLORBOX_STATUS', 'True', 'Do you want to enable the Colorbox Scripts?', 6, 1, NULL, '2018-07-12 11:37:47', NULL, 'tep_cfg_select_option(array(\'True\', \'False\'), '),
	(192, 'Pages', 'MODULE_HEADER_TAGS_PRODUCT_COLORBOX_PAGES', 'product_info.php', 'The pages to add the Colorbox Scripts to.', 6, 0, NULL, '2018-07-12 11:37:47', 'ht_product_colorbox_show_pages', 'ht_product_colorbox_edit_pages('),
	(193, 'Thumbnail Layout', 'MODULE_HEADER_TAGS_PRODUCT_COLORBOX_LAYOUT', '155', 'Layout of Thumbnails', 6, 0, NULL, '2018-07-12 11:37:47', 'ht_product_colorbox_thumbnail_number', NULL),
	(194, 'Sort Order', 'MODULE_HEADER_TAGS_PRODUCT_COLORBOX_SORT_ORDER', '900', 'Sort order of display. Lowest is displayed first.', 6, 0, NULL, '2018-07-12 11:37:47', NULL, NULL),
	(195, 'Enable Breadcrumb Schema Module', 'MODULE_HEADER_TAGS_BREADCRUMB_SCHEMA_STATUS', 'True', 'Do you want to enable this module?', 6, 1, NULL, '2018-07-12 11:37:47', NULL, 'tep_cfg_select_option(array(\'True\', \'False\'), '),
	(196, 'Sort Order', 'MODULE_HEADER_TAGS_BREADCRUMB_SCHEMA_SORT_ORDER', '900', 'Sort order of display. Lowest is displayed first.', 6, 0, NULL, '2018-07-12 11:37:47', NULL, NULL),
	(197, 'Installed Modules', 'MODULE_ADMIN_DASHBOARD_INSTALLED', 'd_total_revenue.php;d_total_customers.php;d_orders.php;d_customers.php;d_admin_logins.php;d_security_checks.php;d_latest_news.php;d_latest_addons.php;d_partner_news.php;d_paypal_app.php;d_version_check.php;d_reviews.php', 'List of Administration Tool Dashboard module filenames separated by a semi-colon. This is automatically updated. No need to edit.', 6, 0, '2018-07-12 12:22:38', '2018-07-12 11:37:47', NULL, NULL),
	(198, 'Enable Administrator Logins Module', 'MODULE_ADMIN_DASHBOARD_ADMIN_LOGINS_STATUS', 'True', 'Do you want to show the latest administrator logins on the dashboard?', 6, 1, NULL, '2018-07-12 11:37:47', NULL, 'tep_cfg_select_option(array(\'True\', \'False\'), '),
	(199, 'Sort Order', 'MODULE_ADMIN_DASHBOARD_ADMIN_LOGINS_SORT_ORDER', '500', 'Sort order of display. Lowest is displayed first.', 6, 0, NULL, '2018-07-12 11:37:47', NULL, NULL),
	(200, 'Enable Customers Module', 'MODULE_ADMIN_DASHBOARD_CUSTOMERS_STATUS', 'True', 'Do you want to show the newest customers on the dashboard?', 6, 1, NULL, '2018-07-12 11:37:47', NULL, 'tep_cfg_select_option(array(\'True\', \'False\'), '),
	(201, 'Sort Order', 'MODULE_ADMIN_DASHBOARD_CUSTOMERS_SORT_ORDER', '400', 'Sort order of display. Lowest is displayed first.', 6, 0, NULL, '2018-07-12 11:37:47', NULL, NULL),
	(202, 'Enable Latest Add-Ons Module', 'MODULE_ADMIN_DASHBOARD_LATEST_ADDONS_STATUS', 'True', 'Do you want to show the latest osCommerce Add-Ons on the dashboard?', 6, 1, NULL, '2018-07-12 11:37:47', NULL, 'tep_cfg_select_option(array(\'True\', \'False\'), '),
	(203, 'Sort Order', 'MODULE_ADMIN_DASHBOARD_LATEST_ADDONS_SORT_ORDER', '800', 'Sort order of display. Lowest is displayed first.', 6, 0, NULL, '2018-07-12 11:37:47', NULL, NULL),
	(204, 'Enable Latest News Module', 'MODULE_ADMIN_DASHBOARD_LATEST_NEWS_STATUS', 'True', 'Do you want to show the latest osCommerce News on the dashboard?', 6, 1, NULL, '2018-07-12 11:37:47', NULL, 'tep_cfg_select_option(array(\'True\', \'False\'), '),
	(205, 'Sort Order', 'MODULE_ADMIN_DASHBOARD_LATEST_NEWS_SORT_ORDER', '700', 'Sort order of display. Lowest is displayed first.', 6, 0, NULL, '2018-07-12 11:37:47', NULL, NULL),
	(206, 'Enable Orders Module', 'MODULE_ADMIN_DASHBOARD_ORDERS_STATUS', 'True', 'Do you want to show the latest orders on the dashboard?', 6, 1, NULL, '2018-07-12 11:37:47', NULL, 'tep_cfg_select_option(array(\'True\', \'False\'), '),
	(207, 'Sort Order', 'MODULE_ADMIN_DASHBOARD_ORDERS_SORT_ORDER', '300', 'Sort order of display. Lowest is displayed first.', 6, 0, NULL, '2018-07-12 11:37:47', NULL, NULL),
	(208, 'Enable Security Checks Module', 'MODULE_ADMIN_DASHBOARD_SECURITY_CHECKS_STATUS', 'True', 'Do you want to run the security checks for this installation?', 6, 1, NULL, '2018-07-12 11:37:47', NULL, 'tep_cfg_select_option(array(\'True\', \'False\'), '),
	(209, 'Sort Order', 'MODULE_ADMIN_DASHBOARD_SECURITY_CHECKS_SORT_ORDER', '600', 'Sort order of display. Lowest is displayed first.', 6, 0, NULL, '2018-07-12 11:37:47', NULL, NULL),
	(210, 'Enable Total Customers Module', 'MODULE_ADMIN_DASHBOARD_TOTAL_CUSTOMERS_STATUS', 'True', 'Do you want to show the total customers chart on the dashboard?', 6, 1, NULL, '2018-07-12 11:37:47', NULL, 'tep_cfg_select_option(array(\'True\', \'False\'), '),
	(211, 'Sort Order', 'MODULE_ADMIN_DASHBOARD_TOTAL_CUSTOMERS_SORT_ORDER', '200', 'Sort order of display. Lowest is displayed first.', 6, 0, NULL, '2018-07-12 11:37:47', NULL, NULL),
	(212, 'Enable Total Revenue Module', 'MODULE_ADMIN_DASHBOARD_TOTAL_REVENUE_STATUS', 'True', 'Do you want to show the total revenue chart on the dashboard?', 6, 1, NULL, '2018-07-12 11:37:47', NULL, 'tep_cfg_select_option(array(\'True\', \'False\'), '),
	(213, 'Sort Order', 'MODULE_ADMIN_DASHBOARD_TOTAL_REVENUE_SORT_ORDER', '100', 'Sort order of display. Lowest is displayed first.', 6, 0, NULL, '2018-07-12 11:37:47', NULL, NULL),
	(214, 'Enable Version Check Module', 'MODULE_ADMIN_DASHBOARD_VERSION_CHECK_STATUS', 'True', 'Do you want to show the version check results on the dashboard?', 6, 1, NULL, '2018-07-12 11:37:47', NULL, 'tep_cfg_select_option(array(\'True\', \'False\'), '),
	(215, 'Sort Order', 'MODULE_ADMIN_DASHBOARD_VERSION_CHECK_SORT_ORDER', '900', 'Sort order of display. Lowest is displayed first.', 6, 0, NULL, '2018-07-12 11:37:47', NULL, NULL),
	(216, 'Enable Latest Reviews Module', 'MODULE_ADMIN_DASHBOARD_REVIEWS_STATUS', 'True', 'Do you want to show the latest reviews on the dashboard?', 6, 1, NULL, '2018-07-12 11:37:47', NULL, 'tep_cfg_select_option(array(\'True\', \'False\'), '),
	(217, 'Sort Order', 'MODULE_ADMIN_DASHBOARD_REVIEWS_SORT_ORDER', '1000', 'Sort order of display. Lowest is displayed first.', 6, 0, NULL, '2018-07-12 11:37:47', NULL, NULL),
	(218, 'Enable Partner News Module', 'MODULE_ADMIN_DASHBOARD_PARTNER_NEWS_STATUS', 'True', 'Do you want to show the latest osCommerce Partner News on the dashboard?', 6, 1, NULL, '2018-07-12 11:37:47', NULL, 'tep_cfg_select_option(array(\'True\', \'False\'), '),
	(219, 'Sort Order', 'MODULE_ADMIN_DASHBOARD_PARTNER_NEWS_SORT_ORDER', '820', 'Sort order of display. Lowest is displayed first.', 6, 0, NULL, '2018-07-12 11:37:47', NULL, NULL),
	(220, 'Installed Modules', 'MODULE_BOXES_INSTALLED', 'bm_categories.php', 'List of box module filenames separated by a semi-colon. This is automatically updated. No need to edit.', 6, 0, '2018-07-26 13:08:10', '2018-07-12 11:37:47', NULL, NULL),
	(240, 'Installed Template Block Groups', 'TEMPLATE_BLOCK_GROUPS', 'boxes;header_tags', 'This is automatically updated. No need to edit.', 6, 0, NULL, '2018-07-12 11:37:47', NULL, NULL),
	(241, 'Installed Modules', 'MODULE_CONTENT_INSTALLED', 'account/cm_account_title;account/cm_account_set_password;checkout_success/cm_cs_title;checkout_success/cm_cs_redirect_old_order;checkout_success/cm_cs_continue_button;checkout_success/cm_cs_thank_you;checkout_success/cm_cs_product_notifications;checkout_success/cm_cs_downloads;footer/cm_footer_information_links;footer_suffix/cm_footer_extra_copyright;footer_suffix/cm_footer_extra_icons;header/cm_header_noscript;header/cm_header_logo;header/cm_header_search;header/cm_header_messagestack;header/cm_header_breadcrumb;header/cm_header_nivo_slider;index/cm_i_nivo_slider;index/cm_i_text_main;index/cm_i_new_products;index/cm_i_upcoming_products;index_nested/cm_in_title;index_nested/cm_in_category_description;index_nested/cm_in_category_listing;index_nested/cm_in_new_products;index_products/cm_ip_title;index_products/cm_ip_category_manufacturer_description;index_products/cm_ip_product_listing;login/cm_login_title;login/cm_login_form;login/cm_create_account_link;navbar/cm_nb_generic;navigation/cm_navbar;product_info/cm_pi_name;product_info/cm_pi_price;product_info/cm_pi_description;product_info/cm_pi_gallery;product_info/cm_pi_date_available;product_info/cm_pi_options_attributes;product_info/cm_pi_review_button;product_info/cm_pi_buy_button;product_info_not_found/cm_pinf_message', 'This is automatically updated. No need to edit.', 6, 0, NULL, '2018-07-12 11:37:47', NULL, NULL),
	(242, 'Enable Set Account Password', 'MODULE_CONTENT_ACCOUNT_SET_PASSWORD_STATUS', 'True', 'Do you want to enable the Set Account Password module?', 6, 1, NULL, '2018-07-12 11:37:47', NULL, 'tep_cfg_select_option(array(\'True\', \'False\'), '),
	(243, 'Allow Local Passwords', 'MODULE_CONTENT_ACCOUNT_SET_PASSWORD_ALLOW_PASSWORD', 'True', 'Allow local account passwords to be set.', 6, 1, NULL, '2018-07-12 11:37:47', NULL, 'tep_cfg_select_option(array(\'True\', \'False\'), '),
	(244, 'Sort Order', 'MODULE_CONTENT_ACCOUNT_SET_PASSWORD_SORT_ORDER', '100', 'Sort order of display. Lowest is displayed first.', 6, 0, NULL, '2018-07-12 11:37:47', NULL, NULL),
	(245, 'Enable Redirect Old Order Module', 'MODULE_CONTENT_CHECKOUT_SUCCESS_REDIRECT_OLD_ORDER_STATUS', 'True', 'Should customers be redirected when viewing old checkout success orders?', 6, 1, NULL, '2018-07-12 11:37:47', NULL, 'tep_cfg_select_option(array(\'True\', \'False\'), '),
	(246, 'Redirect Minutes', 'MODULE_CONTENT_CHECKOUT_SUCCESS_REDIRECT_OLD_ORDER_MINUTES', '60', 'Redirect customers to the My Account page after an order older than this amount is viewed.', 6, 0, NULL, '2018-07-12 11:37:47', NULL, NULL),
	(247, 'Sort Order', 'MODULE_CONTENT_CHECKOUT_SUCCESS_REDIRECT_OLD_ORDER_SORT_ORDER', '500', 'Sort order of display. Lowest is displayed first.', 6, 0, NULL, '2018-07-12 11:37:47', NULL, NULL),
	(248, 'Enable Thank You Module', 'MODULE_CONTENT_CHECKOUT_SUCCESS_THANK_YOU_STATUS', 'True', 'Should the thank you block be shown on the checkout success page?', 6, 1, NULL, '2018-07-12 11:37:47', NULL, 'tep_cfg_select_option(array(\'True\', \'False\'), '),
	(249, 'Sort Order', 'MODULE_CONTENT_CHECKOUT_SUCCESS_THANK_YOU_SORT_ORDER', '1000', 'Sort order of display. Lowest is displayed first.', 6, 0, NULL, '2018-07-12 11:37:47', NULL, NULL),
	(250, 'Enable Product Notifications Module', 'MODULE_CONTENT_CHECKOUT_SUCCESS_PRODUCT_NOTIFICATIONS_STATUS', 'True', 'Should the product notifications block be shown on the checkout success page?', 6, 1, NULL, '2018-07-12 11:37:47', NULL, 'tep_cfg_select_option(array(\'True\', \'False\'), '),
	(251, 'Sort Order', 'MODULE_CONTENT_CHECKOUT_SUCCESS_PRODUCT_NOTIFICATIONS_SORT_ORDER', '2000', 'Sort order of display. Lowest is displayed first.', 6, 3, NULL, '2018-07-12 11:37:47', NULL, NULL),
	(252, 'Enable Product Downloads Module', 'MODULE_CONTENT_CHECKOUT_SUCCESS_DOWNLOADS_STATUS', 'True', 'Should ordered product download links be shown on the checkout success page?', 6, 1, NULL, '2018-07-12 11:37:47', NULL, 'tep_cfg_select_option(array(\'True\', \'False\'), '),
	(253, 'Sort Order', 'MODULE_CONTENT_CHECKOUT_SUCCESS_DOWNLOADS_SORT_ORDER', '3000', 'Sort order of display. Lowest is displayed first.', 6, 3, NULL, '2018-07-12 11:37:47', NULL, NULL),
	(254, 'Enable Login Form Module', 'MODULE_CONTENT_LOGIN_FORM_STATUS', 'True', 'Do you want to enable the login form module?', 6, 1, NULL, '2018-07-12 11:37:47', NULL, 'tep_cfg_select_option(array(\'True\', \'False\'), '),
	(255, 'Content Width', 'MODULE_CONTENT_LOGIN_FORM_CONTENT_WIDTH', 'Half', 'Should the content be shown in a full or half width container?', 6, 1, NULL, '2018-07-12 11:37:47', NULL, 'tep_cfg_select_option(array(\'Full\', \'Half\'), '),
	(256, 'Sort Order', 'MODULE_CONTENT_LOGIN_FORM_SORT_ORDER', '1000', 'Sort order of display. Lowest is displayed first.', 6, 0, NULL, '2018-07-12 11:37:47', NULL, NULL),
	(257, 'Enable New User Module', 'MODULE_CONTENT_CREATE_ACCOUNT_LINK_STATUS', 'True', 'Do you want to enable the new user module?', 6, 1, NULL, '2018-07-12 11:37:47', NULL, 'tep_cfg_select_option(array(\'True\', \'False\'), '),
	(258, 'Content Width', 'MODULE_CONTENT_CREATE_ACCOUNT_LINK_CONTENT_WIDTH', 'Half', 'Should the content be shown in a full or half width container?', 6, 1, NULL, '2018-07-12 11:37:47', NULL, 'tep_cfg_select_option(array(\'Full\', \'Half\'), '),
	(259, 'Sort Order', 'MODULE_CONTENT_CREATE_ACCOUNT_LINK_SORT_ORDER', '2000', 'Sort order of display. Lowest is displayed first.', 6, 0, NULL, '2018-07-12 11:37:47', NULL, NULL),
	(266, 'Enable Shopping Cart Module', 'MODULE_NAVBAR_SHOPPING_CART_STATUS', 'True', 'Do you want to add the module to your Navbar?', 6, 1, NULL, '2018-07-12 11:37:47', NULL, 'tep_cfg_select_option(array(\'True\', \'False\'), '),
	(267, 'Content Placement', 'MODULE_NAVBAR_SHOPPING_CART_CONTENT_PLACEMENT', 'Right', 'Should the module be loaded in the Left or Right or the Home area of the Navbar?', 6, 1, NULL, '2018-07-12 11:37:47', NULL, 'tep_cfg_select_option(array(\'Left\', \'Right\', \'Home\'), '),
	(268, 'Sort Order', 'MODULE_NAVBAR_SHOPPING_CART_SORT_ORDER', '550', 'Sort order of display. Lowest is displayed first.', 6, 0, NULL, '2018-07-12 11:37:47', NULL, NULL),
	(269, 'Enable Navbar Module', 'MODULE_CONTENT_NAVBAR_STATUS', 'True', 'Should the Navbar be shown? ', 6, 1, NULL, '2018-07-12 11:37:47', NULL, 'tep_cfg_select_option(array(\'True\', \'False\'), '),
	(270, 'Navbar Style', 'MODULE_CONTENT_NAVBAR_STYLE', 'Inverse', 'What style should the Navbar have?  See http://getbootstrap.com/components/#navbar-inverted', 6, 0, NULL, '2018-07-12 11:37:47', NULL, 'tep_cfg_select_option(array(\'Default\', \'Inverse\'), '),
	(271, 'Navbar Corners', 'MODULE_CONTENT_NAVBAR_CORNERS', 'No', 'Should the Navbar have Corners?', 6, 0, NULL, '2018-07-12 11:37:47', NULL, 'tep_cfg_select_option(array(\'Yes\', \'No\'), '),
	(272, 'Navbar Margin', 'MODULE_CONTENT_NAVBAR_MARGIN', 'Yes', 'Should the Navbar have a bottom Margin?', 6, 0, NULL, '2018-07-12 11:37:47', NULL, 'tep_cfg_select_option(array(\'Yes\', \'No\'), '),
	(273, 'Navbar Fixed Position', 'MODULE_CONTENT_NAVBAR_FIXED', 'Floating', 'Should the Navbar stay fixed on Top/Bottom of the page or Floating?', 6, 0, NULL, '2018-07-12 11:37:47', NULL, 'tep_cfg_select_option(array(\'Floating\', \'Top\', \'Bottom\'), '),
	(274, 'Sort Order', 'MODULE_CONTENT_NAVBAR_SORT_ORDER', '10', 'Sort order of display. Lowest is displayed first.', 6, 0, NULL, '2018-07-12 11:37:47', NULL, NULL),
	(275, 'Enable No Script Module', 'MODULE_CONTENT_HEADER_NOSCRIPT_STATUS', 'True', 'Add message for people with .js turned off?', 6, 1, NULL, '2018-07-12 11:37:47', NULL, 'tep_cfg_select_option(array(\'True\', \'False\'), '),
	(276, 'Content Width', 'MODULE_CONTENT_HEADER_NOSCRIPT_CONTENT_WIDTH', '12', 'What width container should the content be shown in?', 6, 1, NULL, '2018-07-12 11:37:47', NULL, 'tep_cfg_select_option(array(\'12\', \'11\', \'10\', \'9\', \'8\', \'7\', \'6\', \'5\', \'4\', \'3\', \'2\', \'1\'), '),
	(277, 'Sort Order', 'MODULE_CONTENT_HEADER_NOSCRIPT_SORT_ORDER', '1', 'Sort order of display. Lowest is displayed first.', 6, 0, NULL, '2018-07-12 11:37:47', NULL, NULL),
	(278, 'Enable Header Logo Module', 'MODULE_CONTENT_HEADER_LOGO_STATUS', 'True', 'Do you want to enable the Logo content module?', 6, 1, NULL, '2018-07-12 11:37:47', NULL, 'tep_cfg_select_option(array(\'True\', \'False\'), '),
	(279, 'Content Width', 'MODULE_CONTENT_HEADER_LOGO_CONTENT_WIDTH', '6', 'What width container should the content be shown in?', 6, 1, NULL, '2018-07-12 11:37:47', NULL, 'tep_cfg_select_option(array(\'12\', \'11\', \'10\', \'9\', \'8\', \'7\', \'6\', \'5\', \'4\', \'3\', \'2\', \'1\'), '),
	(280, 'Sort Order', 'MODULE_CONTENT_HEADER_LOGO_SORT_ORDER', '10', 'Sort order of display. Lowest is displayed first.', 6, 0, NULL, '2018-07-12 11:37:47', NULL, NULL),
	(281, 'Enable Search Box Module', 'MODULE_CONTENT_HEADER_SEARCH_STATUS', 'True', 'Do you want to enable the Search Box content module?', 6, 1, NULL, '2018-07-12 11:37:47', NULL, 'tep_cfg_select_option(array(\'True\', \'False\'), '),
	(282, 'Content Width', 'MODULE_CONTENT_HEADER_SEARCH_CONTENT_WIDTH', '6', 'What width container should the content be shown in?', 6, 1, NULL, '2018-07-12 11:37:47', NULL, 'tep_cfg_select_option(array(\'12\', \'11\', \'10\', \'9\', \'8\', \'7\', \'6\', \'5\', \'4\', \'3\', \'2\', \'1\'), '),
	(283, 'Sort Order', 'MODULE_CONTENT_HEADER_SEARCH_SORT_ORDER', '20', 'Sort order of display. Lowest is displayed first.', 6, 0, NULL, '2018-07-12 11:37:47', NULL, NULL),
	(284, 'Enable Message Stack Notifications Module', 'MODULE_CONTENT_HEADER_MESSAGESTACK_STATUS', 'True', 'Should the Message Stack Notifications be shown in the header when needed? ', 6, 1, NULL, '2018-07-12 11:37:47', NULL, 'tep_cfg_select_option(array(\'True\', \'False\'), '),
	(285, 'Sort Order', 'MODULE_CONTENT_HEADER_MESSAGESTACK_SORT_ORDER', '30', 'Sort order of display. Lowest is displayed first.', 6, 0, NULL, '2018-07-12 11:37:47', NULL, NULL),
	(286, 'Enable Header Breadcrumb Module', 'MODULE_CONTENT_HEADER_BREADCRUMB_STATUS', 'True', 'Do you want to enable the Breadcrumb content module?', 6, 1, NULL, '2018-07-12 11:37:47', NULL, 'tep_cfg_select_option(array(\'True\', \'False\'), '),
	(287, 'Content Width', 'MODULE_CONTENT_HEADER_BREADCRUMB_CONTENT_WIDTH', '12', 'What width container should the content be shown in?', 6, 1, NULL, '2018-07-12 11:37:47', NULL, 'tep_cfg_select_option(array(\'12\', \'11\', \'10\', \'9\', \'8\', \'7\', \'6\', \'5\', \'4\', \'3\', \'2\', \'1\'), '),
	(288, 'Sort Order', 'MODULE_CONTENT_HEADER_BREADCRUMB_SORT_ORDER', '40', 'Sort order of display. Lowest is displayed first.', 6, 0, NULL, '2018-07-12 11:37:47', NULL, NULL),
	(289, 'Enable Information Links Footer Module', 'MODULE_CONTENT_FOOTER_INFORMATION_STATUS', 'True', 'Do you want to enable the Information Links content module?', 6, 1, NULL, '2018-07-12 11:37:47', NULL, 'tep_cfg_select_option(array(\'True\', \'False\'), '),
	(290, 'Content Width', 'MODULE_CONTENT_FOOTER_INFORMATION_CONTENT_WIDTH', '3', 'What width container should the content be shown in? (12 = full width, 6 = half width).', 6, 1, NULL, '2018-07-12 11:37:47', NULL, 'tep_cfg_select_option(array(\'12\', \'11\', \'10\', \'9\', \'8\', \'7\', \'6\', \'5\', \'4\', \'3\', \'2\', \'1\'), '),
	(291, 'Sort Order', 'MODULE_CONTENT_FOOTER_INFORMATION_SORT_ORDER', '0', 'Sort order of display. Lowest is displayed first.', 6, 0, NULL, '2018-07-12 11:37:47', NULL, NULL),
	(292, 'Enable Copyright Details Footer Module', 'MODULE_CONTENT_FOOTER_EXTRA_COPYRIGHT_STATUS', 'True', 'Do you want to enable the Copyright content module?', 6, 1, NULL, '2018-07-12 11:37:47', NULL, 'tep_cfg_select_option(array(\'True\', \'False\'), '),
	(293, 'Content Width', 'MODULE_CONTENT_FOOTER_EXTRA_COPYRIGHT_CONTENT_WIDTH', '6', 'What width container should the content be shown in? (12 = full width, 6 = half width).', 6, 1, NULL, '2018-07-12 11:37:47', NULL, 'tep_cfg_select_option(array(\'12\', \'11\', \'10\', \'9\', \'8\', \'7\', \'6\', \'5\', \'4\', \'3\', \'2\', \'1\'), '),
	(294, 'Sort Order', 'MODULE_CONTENT_FOOTER_EXTRA_COPYRIGHT_SORT_ORDER', '0', 'Sort order of display. Lowest is displayed first.', 6, 0, NULL, '2018-07-12 11:37:47', NULL, NULL),
	(295, 'Enable Payment Icons Footer Module', 'MODULE_CONTENT_FOOTER_EXTRA_ICONS_STATUS', 'True', 'Do you want to enable the Payment Icons content module?', 6, 1, NULL, '2018-07-12 11:37:47', NULL, 'tep_cfg_select_option(array(\'True\', \'False\'), '),
	(296, 'Content Width', 'MODULE_CONTENT_FOOTER_EXTRA_ICONS_CONTENT_WIDTH', '6', 'What width container should the content be shown in? (12 = full width, 6 = half width).', 6, 1, NULL, '2018-07-12 11:37:47', NULL, 'tep_cfg_select_option(array(\'12\', \'11\', \'10\', \'9\', \'8\', \'7\', \'6\', \'5\', \'4\', \'3\', \'2\', \'1\'), '),
	(297, 'Sort Order', 'MODULE_CONTENT_FOOTER_EXTRA_ICONS_SORT_ORDER', '0', 'Sort order of display. Lowest is displayed first.', 6, 0, NULL, '2018-07-12 11:37:47', NULL, NULL),
	(298, 'Enable Title Module', 'MODULE_CONTENT_ACCOUNT_TITLE_STATUS', 'True', 'Do you want to enable this module?', 6, 1, NULL, '2018-07-12 11:37:47', NULL, 'tep_cfg_select_option(array(\'True\', \'False\'), '),
	(299, 'Content Width', 'MODULE_CONTENT_ACCOUNT_TITLE_CONTENT_WIDTH', '12', 'What width container should the content be shown in? (12 = full width, 6 = half width).', 6, 2, NULL, '2018-07-12 11:37:47', NULL, 'tep_cfg_select_option(array(\'12\', \'11\', \'10\', \'9\', \'8\', \'7\', \'6\', \'5\', \'4\', \'3\', \'2\', \'1\'), '),
	(300, 'Sort Order', 'MODULE_CONTENT_ACCOUNT_TITLE_SORT_ORDER', '10', 'Sort order of display. Lowest is displayed first.', 6, 5, NULL, '2018-07-12 11:37:47', NULL, NULL),
	(301, 'Enable Title Module', 'MODULE_CONTENT_CHECKOUT_SUCCESS_TITLE_STATUS', 'True', 'Do you want to enable this module?', 6, 1, NULL, '2018-07-12 11:37:47', NULL, 'tep_cfg_select_option(array(\'True\', \'False\'), '),
	(302, 'Content Width', 'MODULE_CONTENT_CHECKOUT_SUCCESS_TITLE_CONTENT_WIDTH', '12', 'What width container should the content be shown in? (12 = full width, 6 = half width).', 6, 2, NULL, '2018-07-12 11:37:47', NULL, 'tep_cfg_select_option(array(\'12\', \'11\', \'10\', \'9\', \'8\', \'7\', \'6\', \'5\', \'4\', \'3\', \'2\', \'1\'), '),
	(303, 'Sort Order', 'MODULE_CONTENT_CHECKOUT_SUCCESS_TITLE_SORT_ORDER', '50', 'Sort order of display. Lowest is displayed first.', 6, 5, NULL, '2018-07-12 11:37:47', NULL, NULL),
	(304, 'Enable Continue Button', 'MODULE_CONTENT_CS_CONTINUE_BUTTON_STATUS', 'True', 'Should this module be shown on the product info page?', 6, 1, NULL, '2018-07-12 11:37:47', NULL, 'tep_cfg_select_option(array(\'True\', \'False\'), '),
	(305, 'Content Width', 'MODULE_CONTENT_CS_CONTINUE_BUTTON_CONTENT_WIDTH', '12', 'What width container should the content be shown in?', 6, 1, NULL, '2018-07-12 11:37:47', NULL, 'tep_cfg_select_option(array(\'12\', \'11\', \'10\', \'9\', \'8\', \'7\', \'6\', \'5\', \'4\', \'3\', \'2\', \'1\'), '),
	(306, 'Sort Order', 'MODULE_CONTENT_CS_CONTINUE_BUTTON_SORT_ORDER', '1000', 'Sort order of display. Lowest is displayed first.', 6, 0, NULL, '2018-07-12 11:37:47', NULL, NULL),
	(313, 'Enable Main Text Module', 'MODULE_CONTENT_TEXT_MAIN_STATUS', 'True', 'Do you want to enable this module?', 6, 1, NULL, '2018-07-12 11:37:47', NULL, 'tep_cfg_select_option(array(\'True\', \'False\'), '),
	(314, 'Content Width', 'MODULE_CONTENT_TEXT_MAIN_CONTENT_WIDTH', '12', 'What width container should the content be shown in? (12 = full width, 6 = half width).', 6, 1, NULL, '2018-07-12 11:37:47', NULL, 'tep_cfg_select_option(array(\'12\', \'11\', \'10\', \'9\', \'8\', \'7\', \'6\', \'5\', \'4\', \'3\', \'2\', \'1\'), '),
	(315, 'Sort Order', 'MODULE_CONTENT_TEXT_MAIN_SORT_ORDER', '200', 'Sort order of display. Lowest is displayed first.', 6, 4, NULL, '2018-07-12 11:37:47', NULL, NULL),
	(316, 'Enable New Products Module', 'MODULE_CONTENT_NEW_PRODUCTS_STATUS', 'True', 'Do you want to enable this module?', 6, 1, NULL, '2018-07-12 11:37:47', NULL, 'tep_cfg_select_option(array(\'True\', \'False\'), '),
	(317, 'Content Width', 'MODULE_CONTENT_NEW_PRODUCTS_CONTENT_WIDTH', '12', 'What width container should the content be shown in? (12 = full width, 6 = half width).', 6, 2, NULL, '2018-07-12 11:37:47', NULL, 'tep_cfg_select_option(array(\'12\', \'11\', \'10\', \'9\', \'8\', \'7\', \'6\', \'5\', \'4\', \'3\', \'2\', \'1\'), '),
	(318, 'Maximum Display', 'MODULE_CONTENT_NEW_PRODUCTS_MAX_DISPLAY', '6', 'Maximum Number of products that should show in this module?', 6, 3, NULL, '2018-07-12 11:37:47', NULL, NULL),
	(319, 'Product Width', 'MODULE_CONTENT_NEW_PRODUCTS_DISPLAY_EACH', '3', 'What width container should each product be shown in? (12 = full width, 6 = half width).', 6, 4, NULL, '2018-07-12 11:37:47', NULL, 'tep_cfg_select_option(array(\'12\', \'11\', \'10\', \'9\', \'8\', \'7\', \'6\', \'5\', \'4\', \'3\', \'2\', \'1\'), '),
	(320, 'Sort Order', 'MODULE_CONTENT_NEW_PRODUCTS_SORT_ORDER', '300', 'Sort order of display. Lowest is displayed first.', 6, 5, NULL, '2018-07-12 11:37:47', NULL, NULL),
	(321, 'Enable Upcoming Products Module', 'MODULE_CONTENT_UPCOMING_PRODUCTS_STATUS', 'True', 'Do you want to enable this module?', 6, 1, NULL, '2018-07-12 11:37:47', NULL, 'tep_cfg_select_option(array(\'True\', \'False\'), '),
	(322, 'Content Width', 'MODULE_CONTENT_UPCOMING_PRODUCTS_CONTENT_WIDTH', '12', 'What width container should the content be shown in? (12 = full width, 6 = half width).', 6, 2, NULL, '2018-07-12 11:37:47', NULL, 'tep_cfg_select_option(array(\'12\', \'11\', \'10\', \'9\', \'8\', \'7\', \'6\', \'5\', \'4\', \'3\', \'2\', \'1\'), '),
	(323, 'Maximum Display', 'MODULE_CONTENT_UPCOMING_PRODUCTS_MAX_DISPLAY', '6', 'Maximum Number of products that should show in this module?', 6, 3, NULL, '2018-07-12 11:37:47', NULL, NULL),
	(324, 'Sort Order', 'MODULE_CONTENT_UPCOMING_PRODUCTS_EXPECTED_SORT', 'desc', 'This is the sort order used in the output.', 1, 4, NULL, '2018-07-12 11:37:47', NULL, 'tep_cfg_select_option(array(\'asc\', \'desc\'), '),
	(325, 'Sort Field', 'MODULE_CONTENT_UPCOMING_PRODUCTS_EXPECTED_FIELD', 'date_expected', 'The column to sort by in the output.', 1, 5, NULL, '2018-07-12 11:37:47', NULL, 'tep_cfg_select_option(array(\'products_name\', \'date_expected\'), '),
	(326, 'Sort Order', 'MODULE_CONTENT_UPCOMING_PRODUCTS_SORT_ORDER', '400', 'Sort order of display. Lowest is displayed first.', 6, 5, NULL, '2018-07-12 11:37:47', NULL, NULL),
	(327, 'Enable Title Module', 'MODULE_CONTENT_IN_TITLE_STATUS', 'True', 'Do you want to enable this module?', 6, 1, NULL, '2018-07-12 11:37:47', NULL, 'tep_cfg_select_option(array(\'True\', \'False\'), '),
	(328, 'Content Width', 'MODULE_CONTENT_IN_TITLE_CONTENT_WIDTH', '12', 'What width container should the content be shown in? (12 = full width, 6 = half width).', 6, 2, NULL, '2018-07-12 11:37:47', NULL, 'tep_cfg_select_option(array(\'12\', \'11\', \'10\', \'9\', \'8\', \'7\', \'6\', \'5\', \'4\', \'3\', \'2\', \'1\'), '),
	(329, 'Sort Order', 'MODULE_CONTENT_IN_TITLE_SORT_ORDER', '50', 'Sort order of display. Lowest is displayed first.', 6, 5, NULL, '2018-07-12 11:37:47', NULL, NULL),
	(330, 'Enable Category Description Module', 'MODULE_CONTENT_IN_CATEGORY_DESCRIPTION_STATUS', 'True', 'Should this module be enabled?', 6, 1, NULL, '2018-07-12 11:37:47', NULL, 'tep_cfg_select_option(array(\'True\', \'False\'), '),
	(331, 'Content Width', 'MODULE_CONTENT_IN_CATEGORY_DESCRIPTION_CONTENT_WIDTH', '12', 'What width container should the content be shown in?', 6, 3, NULL, '2018-07-12 11:37:47', NULL, 'tep_cfg_select_option(array(\'12\', \'11\', \'10\', \'9\', \'8\', \'7\', \'6\', \'5\', \'4\', \'3\', \'2\', \'1\'), '),
	(332, 'Sort Order', 'MODULE_CONTENT_IN_CATEGORY_DESCRIPTION_SORT_ORDER', '100', 'Sort order of display. Lowest is displayed first.', 6, 2, NULL, '2018-07-12 11:37:47', NULL, NULL),
	(333, 'Enable Category Listing Module', 'MODULE_CONTENT_IN_CATEGORY_LISTING_STATUS', 'True', 'Should this module be enabled?', 6, 1, NULL, '2018-07-12 11:37:47', NULL, 'tep_cfg_select_option(array(\'True\', \'False\'), '),
	(334, 'Content Width', 'MODULE_CONTENT_IN_CATEGORY_LISTING_CONTENT_WIDTH', '12', 'What width container should the content be shown in?', 6, 2, NULL, '2018-07-12 11:37:47', NULL, 'tep_cfg_select_option(array(\'12\', \'11\', \'10\', \'9\', \'8\', \'7\', \'6\', \'5\', \'4\', \'3\', \'2\', \'1\'), '),
	(335, 'Category Width', 'MODULE_CONTENT_IN_CATEGORY_LISTING_CONTENT_WIDTH_EACH', '4', 'What width container should each Category be shown in?', 6, 3, NULL, '2018-07-12 11:37:47', NULL, 'tep_cfg_select_option(array(\'12\', \'11\', \'10\', \'9\', \'8\', \'7\', \'6\', \'5\', \'4\', \'3\', \'2\', \'1\'), '),
	(336, 'Sort Order', 'MODULE_CONTENT_IN_CATEGORY_LISTING_SORT_ORDER', '200', 'Sort order of display. Lowest is displayed first.', 6, 4, NULL, '2018-07-12 11:37:47', NULL, NULL),
	(337, 'Enable New Products Module', 'MODULE_CONTENT_IN_NEW_PRODUCTS_STATUS', 'True', 'Do you want to enable this module?', 6, 1, NULL, '2018-07-12 11:37:47', NULL, 'tep_cfg_select_option(array(\'True\', \'False\'), '),
	(338, 'Content Width', 'MODULE_CONTENT_IN_NEW_PRODUCTS_CONTENT_WIDTH', '12', 'What width container should the content be shown in? (12 = full width, 6 = half width).', 6, 2, NULL, '2018-07-12 11:37:47', NULL, 'tep_cfg_select_option(array(\'12\', \'11\', \'10\', \'9\', \'8\', \'7\', \'6\', \'5\', \'4\', \'3\', \'2\', \'1\'), '),
	(339, 'Maximum Display', 'MODULE_CONTENT_IN_NEW_PRODUCTS_MAX_DISPLAY', '6', 'Maximum Number of products that should show in this module?', 6, 3, NULL, '2018-07-12 11:37:47', NULL, NULL),
	(340, 'Product Width', 'MODULE_CONTENT_IN_NEW_PRODUCTS_DISPLAY_EACH', '3', 'What width container should each product be shown in? (12 = full width, 6 = half width).', 6, 4, NULL, '2018-07-12 11:37:47', NULL, 'tep_cfg_select_option(array(\'12\', \'11\', \'10\', \'9\', \'8\', \'7\', \'6\', \'5\', \'4\', \'3\', \'2\', \'1\'), '),
	(341, 'Sort Order', 'MODULE_CONTENT_IN_NEW_PRODUCTS_SORT_ORDER', '300', 'Sort order of display. Lowest is displayed first.', 6, 5, NULL, '2018-07-12 11:37:47', NULL, NULL),
	(342, 'Enable Title Module', 'MODULE_CONTENT_IP_TITLE_STATUS', 'True', 'Do you want to enable this module?', 6, 1, NULL, '2018-07-12 11:37:47', NULL, 'tep_cfg_select_option(array(\'True\', \'False\'), '),
	(343, 'Content Width', 'MODULE_CONTENT_IP_TITLE_CONTENT_WIDTH', '12', 'What width container should the content be shown in? (12 = full width, 6 = half width).', 6, 2, NULL, '2018-07-12 11:37:47', NULL, 'tep_cfg_select_option(array(\'12\', \'11\', \'10\', \'9\', \'8\', \'7\', \'6\', \'5\', \'4\', \'3\', \'2\', \'1\'), '),
	(344, 'Sort Order', 'MODULE_CONTENT_IP_TITLE_SORT_ORDER', '50', 'Sort order of display. Lowest is displayed first.', 6, 5, NULL, '2018-07-12 11:37:47', NULL, NULL),
	(345, 'Enable Category/Manufacturer Description Module', 'MODULE_CONTENT_IP_CATEGORY_DESCRIPTION_STATUS', 'True', 'Should this module be enabled?', 6, 1, NULL, '2018-07-12 11:37:47', NULL, 'tep_cfg_select_option(array(\'True\', \'False\'), '),
	(346, 'Content Width', 'MODULE_CONTENT_IP_CATEGORY_DESCRIPTION_CONTENT_WIDTH', '12', 'What width container should the content be shown in?', 6, 3, NULL, '2018-07-12 11:37:47', NULL, 'tep_cfg_select_option(array(\'12\', \'11\', \'10\', \'9\', \'8\', \'7\', \'6\', \'5\', \'4\', \'3\', \'2\', \'1\'), '),
	(347, 'Sort Order', 'MODULE_CONTENT_IP_CATEGORY_DESCRIPTION_SORT_ORDER', '100', 'Sort order of display. Lowest is displayed first.', 6, 2, NULL, '2018-07-12 11:37:47', NULL, NULL),
	(348, 'Enable Product Listing Module', 'MODULE_CONTENT_IP_PRODUCT_LISTING_STATUS', 'True', 'Should this module be enabled?', 6, 1, NULL, '2018-07-12 11:37:47', NULL, 'tep_cfg_select_option(array(\'True\', \'False\'), '),
	(349, 'Content Width', 'MODULE_CONTENT_IP_PRODUCT_LISTING_CONTENT_WIDTH', '12', 'What width container should the content be shown in?', 6, 2, NULL, '2018-07-12 11:37:47', NULL, 'tep_cfg_select_option(array(\'12\', \'11\', \'10\', \'9\', \'8\', \'7\', \'6\', \'5\', \'4\', \'3\', \'2\', \'1\'), '),
	(350, 'Item Width', 'MODULE_CONTENT_IP_PRODUCT_LISTING_CONTENT_WIDTH_EACH', '4', 'What width container should each Item be shown in?', 6, 3, NULL, '2018-07-12 11:37:47', NULL, 'tep_cfg_select_option(array(\'12\', \'11\', \'10\', \'9\', \'8\', \'7\', \'6\', \'5\', \'4\', \'3\', \'2\', \'1\'), '),
	(351, 'Sort Order', 'MODULE_CONTENT_IP_PRODUCT_LISTING_SORT_ORDER', '200', 'Sort order of display. Lowest is displayed first.', 6, 4, NULL, '2018-07-12 11:37:47', NULL, NULL),
	(352, 'Enable Title Module', 'MODULE_CONTENT_LOGIN_TITLE_STATUS', 'True', 'Do you want to enable this module?', 6, 1, NULL, '2018-07-12 11:37:47', NULL, 'tep_cfg_select_option(array(\'True\', \'False\'), '),
	(353, 'Content Width', 'MODULE_CONTENT_LOGIN_TITLE_CONTENT_WIDTH', '12', 'What width container should the content be shown in? (12 = full width, 6 = half width).', 6, 2, NULL, '2018-07-12 11:37:47', NULL, 'tep_cfg_select_option(array(\'12\', \'11\', \'10\', \'9\', \'8\', \'7\', \'6\', \'5\', \'4\', \'3\', \'2\', \'1\'), '),
	(354, 'Sort Order', 'MODULE_CONTENT_LOGIN_TITLE_SORT_ORDER', '100', 'Sort order of display. Lowest is displayed first.', 6, 5, NULL, '2018-07-12 11:37:47', NULL, NULL),
	(355, 'Enable Message Module', 'MODULE_CONTENT_PINF_MESSAGE_STATUS', 'True', 'Should this module be shown on the product info page?', 6, 1, NULL, '2018-07-12 11:37:47', NULL, 'tep_cfg_select_option(array(\'True\', \'False\'), '),
	(356, 'Content Width', 'MODULE_CONTENT_PINF_MESSAGE_CONTENT_WIDTH', '12', 'What width container should the content be shown in?', 6, 1, NULL, '2018-07-12 11:37:47', NULL, 'tep_cfg_select_option(array(\'12\', \'11\', \'10\', \'9\', \'8\', \'7\', \'6\', \'5\', \'4\', \'3\', \'2\', \'1\'), '),
	(357, 'Sort Order', 'MODULE_CONTENT_PINF_MESSAGE_SORT_ORDER', '10', 'Sort order of display. Lowest is displayed first.', 6, 0, NULL, '2018-07-12 11:37:47', NULL, NULL),
	(358, 'Enable Options & Attributes', 'MODULE_CONTENT_PI_OA_STATUS', 'True', 'Should this module be shown on the product info page?', 6, 1, NULL, '2018-07-12 11:37:47', NULL, 'tep_cfg_select_option(array(\'True\', \'False\'), '),
	(359, 'Content Width', 'MODULE_CONTENT_PI_OA_CONTENT_WIDTH', '12', 'What width container should the content be shown in?', 6, 1, NULL, '2018-07-12 11:37:47', NULL, 'tep_cfg_select_option(array(\'12\', \'11\', \'10\', \'9\', \'8\', \'7\', \'6\', \'5\', \'4\', \'3\', \'2\', \'1\'), '),
	(360, 'Add Helper Text', 'MODULE_CONTENT_PI_OA_HELPER', 'True', 'Should first option in dropdown be Helper Text?', 6, 1, NULL, '2018-07-12 11:37:47', NULL, 'tep_cfg_select_option(array(\'True\', \'False\'), '),
	(361, 'Enforce Selection', 'MODULE_CONTENT_PI_OA_ENFORCE', 'True', 'Should customer be forced to select option(s)?', 6, 1, NULL, '2018-07-12 11:37:47', NULL, 'tep_cfg_select_option(array(\'True\', \'False\'), '),
	(362, 'Sort Order', 'MODULE_CONTENT_PI_OA_SORT_ORDER', '80', 'Sort order of display. Lowest is displayed first.', 6, 0, NULL, '2018-07-12 11:37:47', NULL, NULL),
	(363, 'Enable Name Module', 'MODULE_CONTENT_PI_NAME_STATUS', 'True', 'Should this module be shown on the product info page?', 6, 1, NULL, '2018-07-12 11:37:47', NULL, 'tep_cfg_select_option(array(\'True\', \'False\'), '),
	(364, 'Content Width', 'MODULE_CONTENT_PI_NAME_CONTENT_WIDTH', '9', 'What width container should the content be shown in?', 6, 1, NULL, '2018-07-12 11:37:47', NULL, 'tep_cfg_select_option(array(\'12\', \'11\', \'10\', \'9\', \'8\', \'7\', \'6\', \'5\', \'4\', \'3\', \'2\', \'1\'), '),
	(365, 'Sort Order', 'MODULE_CONTENT_PI_NAME_SORT_ORDER', '40', 'Sort order of display. Lowest is displayed first.', 6, 0, NULL, '2018-07-12 11:37:47', NULL, NULL),
	(366, 'Enable Price Module', 'MODULE_CONTENT_PI_PRICE_STATUS', 'True', 'Should this module be shown on the product info page?', 6, 1, NULL, '2018-07-12 11:37:47', NULL, 'tep_cfg_select_option(array(\'True\', \'False\'), '),
	(367, 'Content Width', 'MODULE_CONTENT_PI_PRICE_CONTENT_WIDTH', '3', 'What width container should the content be shown in?', 6, 1, NULL, '2018-07-12 11:37:47', NULL, 'tep_cfg_select_option(array(\'12\', \'11\', \'10\', \'9\', \'8\', \'7\', \'6\', \'5\', \'4\', \'3\', \'2\', \'1\'), '),
	(368, 'Sort Order', 'MODULE_CONTENT_PI_PRICE_SORT_ORDER', '50', 'Sort order of display. Lowest is displayed first.', 6, 0, NULL, '2018-07-12 11:37:47', NULL, NULL),
	(369, 'Enable Description Module', 'MODULE_CONTENT_PI_DESCRIPTION_STATUS', 'True', 'Should this module be shown on the product info page?', 6, 1, NULL, '2018-07-12 11:37:47', NULL, 'tep_cfg_select_option(array(\'True\', \'False\'), '),
	(370, 'Content Width', 'MODULE_CONTENT_PI_DESCRIPTION_CONTENT_WIDTH', '8', 'What width container should the content be shown in?', 6, 1, NULL, '2018-07-12 11:37:47', NULL, 'tep_cfg_select_option(array(\'12\', \'11\', \'10\', \'9\', \'8\', \'7\', \'6\', \'5\', \'4\', \'3\', \'2\', \'1\'), '),
	(371, 'Sort Order', 'MODULE_CONTENT_PI_DESCRIPTION_SORT_ORDER', '60', 'Sort order of display. Lowest is displayed first.', 6, 0, NULL, '2018-07-12 11:37:47', NULL, NULL),
	(372, 'Enable Gallery Module', 'MODULE_CONTENT_PI_GALLERY_STATUS', 'True', 'Should this module be shown on the product info page?', 6, 1, NULL, '2018-07-12 11:37:47', NULL, 'tep_cfg_select_option(array(\'True\', \'False\'), '),
	(373, 'Content Width', 'MODULE_CONTENT_PI_GALLERY_CONTENT_WIDTH', '4', 'What width container should the content be shown in?', 6, 1, NULL, '2018-07-12 11:37:47', NULL, 'tep_cfg_select_option(array(\'12\', \'11\', \'10\', \'9\', \'8\', \'7\', \'6\', \'5\', \'4\', \'3\', \'2\', \'1\'), '),
	(374, 'Sort Order', 'MODULE_CONTENT_PI_GALLERY_SORT_ORDER', '65', 'Sort order of display. Lowest is displayed first.', 6, 0, NULL, '2018-07-12 11:37:47', NULL, NULL),
	(375, 'Enable Date Available Module', 'MODULE_CONTENT_PI_DATE_AVAILABLE_STATUS', 'True', 'Should this module be shown on the product info page?', 6, 1, NULL, '2018-07-12 11:37:47', NULL, 'tep_cfg_select_option(array(\'True\', \'False\'), '),
	(376, 'Content Width', 'MODULE_CONTENT_PI_DATE_AVAILABLE_CONTENT_WIDTH', '12', 'What width container should the content be shown in?', 6, 1, NULL, '2018-07-12 11:37:47', NULL, 'tep_cfg_select_option(array(\'12\', \'11\', \'10\', \'9\', \'8\', \'7\', \'6\', \'5\', \'4\', \'3\', \'2\', \'1\'), '),
	(377, 'Date Style', 'MODULE_CONTENT_PI_DATE_AVAILABLE_STYLE', 'Long', 'How should the date look?', 6, 1, NULL, '2018-07-12 11:37:47', NULL, 'tep_cfg_select_option(array(\'Long\', \'Short\'), '),
	(378, 'Sort Order', 'MODULE_CONTENT_PI_DATE_AVAILABLE_SORT_ORDER', '70', 'Sort order of display. Lowest is displayed first.', 6, 0, NULL, '2018-07-12 11:37:47', NULL, NULL),
	(379, 'Enable Review Button', 'MODULE_CONTENT_PI_REVIEW_STATUS', 'True', 'Should this module be shown on the product info page?', 6, 1, NULL, '2018-07-12 11:37:47', NULL, 'tep_cfg_select_option(array(\'True\', \'False\'), '),
	(380, 'Content Width', 'MODULE_CONTENT_PI_REVIEW_CONTENT_WIDTH', '6', 'What width container should the content be shown in?', 6, 1, NULL, '2018-07-12 11:37:47', NULL, 'tep_cfg_select_option(array(\'12\', \'11\', \'10\', \'9\', \'8\', \'7\', \'6\', \'5\', \'4\', \'3\', \'2\', \'1\'), '),
	(381, 'Sort Order', 'MODULE_CONTENT_PI_REVIEW_SORT_ORDER', '90', 'Sort order of display. Lowest is displayed first.', 6, 0, NULL, '2018-07-12 11:37:47', NULL, NULL),
	(382, 'Enable Buy Button', 'MODULE_CONTENT_PI_BUY_STATUS', 'True', 'Should this module be shown on the product info page?', 6, 1, NULL, '2018-07-12 11:37:47', NULL, 'tep_cfg_select_option(array(\'True\', \'False\'), '),
	(383, 'Content Width', 'MODULE_CONTENT_PI_BUY_CONTENT_WIDTH', '6', 'What width container should the content be shown in?', 6, 1, NULL, '2018-07-12 11:37:47', NULL, 'tep_cfg_select_option(array(\'12\', \'11\', \'10\', \'9\', \'8\', \'7\', \'6\', \'5\', \'4\', \'3\', \'2\', \'1\'), '),
	(384, 'Sort Order', 'MODULE_CONTENT_PI_BUY_SORT_ORDER', '100', 'Sort order of display. Lowest is displayed first.', 6, 0, NULL, '2018-07-12 11:37:47', NULL, NULL),
	(385, 'Enable Account Module', 'MODULE_NAVBAR_ACCOUNT_STATUS', 'True', 'Do you want to add the module to your Navbar?', 6, 1, NULL, '2018-07-12 11:46:15', NULL, 'tep_cfg_select_option(array(\'True\', \'False\'), '),
	(386, 'Content Placement', 'MODULE_NAVBAR_ACCOUNT_CONTENT_PLACEMENT', 'Right', 'Should the module be loaded in the Left or Right or the Home area of the Navbar?', 6, 1, NULL, '2018-07-12 11:46:15', NULL, 'tep_cfg_select_option(array(\'Left\', \'Right\', \'Home\'), '),
	(387, 'Sort Order', 'MODULE_NAVBAR_ACCOUNT_SORT_ORDER', '540', 'Sort order of display. Lowest is displayed first.', 6, 0, NULL, '2018-07-12 11:46:15', NULL, NULL),
	(388, 'Enable Languages Module', 'MODULE_NAVBAR_LANGUAGES_STATUS', 'True', 'Do you want to add the module to your Navbar?', 6, 1, NULL, '2018-07-12 11:46:19', NULL, 'tep_cfg_select_option(array(\'True\', \'False\'), '),
	(389, 'Content Placement', 'MODULE_NAVBAR_LANGUAGES_CONTENT_PLACEMENT', 'Left', 'Should the module be loaded in the Left or Right or the Home area of the Navbar?', 6, 1, NULL, '2018-07-12 11:46:19', NULL, 'tep_cfg_select_option(array(\'Left\', \'Right\', \'Home\'), '),
	(390, 'Sort Order', 'MODULE_NAVBAR_LANGUAGES_SORT_ORDER', '500', 'Sort order of display. Lowest is displayed first.', 6, 0, NULL, '2018-07-12 11:46:19', NULL, NULL),
	(391, 'Enable Currencies Module', 'MODULE_NAVBAR_CURRENCIES_STATUS', 'True', 'Do you want to add the module to your Navbar?', 6, 1, NULL, '2018-07-12 11:46:29', NULL, 'tep_cfg_select_option(array(\'True\', \'False\'), '),
	(392, 'Content Placement', 'MODULE_NAVBAR_CURRENCIES_CONTENT_PLACEMENT', 'Left', 'Should the module be loaded in the Left or Right or the Home area of the Navbar?', 6, 1, NULL, '2018-07-12 11:46:29', NULL, 'tep_cfg_select_option(array(\'Left\', \'Right\', \'Home\'), '),
	(393, 'Sort Order', 'MODULE_NAVBAR_CURRENCIES_SORT_ORDER', '530', 'Sort order of display. Lowest is displayed first.', 6, 0, NULL, '2018-07-12 11:46:29', NULL, NULL),
	(394, 'Sort Order', 'MODULE_ADMIN_DASHBOARD_PAYPAL_APP_SORT_ORDER', '0', 'Sort order of display. Lowest is displayed first.', 6, 0, NULL, '2018-07-12 12:22:38', NULL, NULL),
	(412, 'PayPal App Parameter', 'OSCOM_APP_PAYPAL_VERSION_CHECK', '26', 'A parameter for the PayPal Application.', 6, 0, NULL, '2018-07-12 12:43:04', NULL, NULL),
	(428, 'Module Version', 'MODULE_CONTENT_HEADER_NIVO_SLIDER_VERSION', '2.2', 'The version of this module that you are running.', 6, 0, NULL, '2018-07-12 13:18:27', NULL, 'tep_cfg_disabled('),
	(429, 'Enable Nivo Slider', 'MODULE_CONTENT_HEADER_NIVO_SLIDER_STATUS', 'True', 'Do you want to show the nivo slider?', 6, 1, NULL, '2018-07-12 13:18:27', NULL, 'tep_cfg_select_option(array(\'True\', \'False\'), '),
	(430, 'Sort Order', 'MODULE_CONTENT_HEADER_NIVO_SLIDER_SORT_ORDER', '80', 'Sort order of display. Lowest is displayed first.', 6, 2, NULL, '2018-07-12 13:18:27', NULL, NULL),
	(431, 'Content Width', 'MODULE_CONTENT_HEADER_NIVO_SLIDER_CONTENT_WIDTH', '12', 'What width container should the content be shown in?', 6, 3, NULL, '2018-07-12 13:18:27', NULL, 'tep_cfg_select_option(array(\'12\', \'11\', \'10\', \'9\', \'8\', \'7\', \'6\', \'5\', \'4\', \'3\', \'2\', \'1\'), '),
	(432, 'Effect', 'MC_HD_EFFECT_NIVO', 'random', 'random, sliceDownRight, sliceDownLeft, sliceUpRight, sliceUpLeft, sliceUpDown, sliceUpDownLeft, fold, fade, boxRandom, boxRain, boxRainReverse, boxRainGrow, boxRainGrowReverse', 6, 0, NULL, '2018-07-12 13:18:27', NULL, 'tep_cfg_select_option(array(\'random\', \'sliceDownRight\', \'sliceDownLeft\', \'sliceUpRight\', \'sliceUpLeft\', \'sliceUpDown\', \'sliceUpDownLeft\', \'fold\', \'fade\', \'boxRandom\', \'boxRain\', \'boxRainReverse\', \'boxRainGrow\', \'boxRainGrowReverse\'), '),
	(433, 'Delay pauseTime', 'MC_HD_PAUSETIME_NIVO', '5000', 'Delay between images in ms', 6, 0, NULL, '2018-07-12 13:18:27', NULL, NULL),
	(434, 'Slides Limit', 'MODULE_CONTENT_HEADER_NIVO_SLIDER_LIMIT', '12', 'Limit of slides to database query', 6, 0, NULL, '2018-07-12 13:18:27', NULL, NULL),
	(435, 'Control Navigation', 'MC_HD_CONTROLNAV_NIVO', 'true', 'Show control 1,2,3...', 6, 0, NULL, '2018-07-12 13:18:27', NULL, 'tep_cfg_select_option(array(\'true\', \'false\'), '),
	(436, 'Navigation', 'MC_HD_NAVIGATION_NIVO', 'true', 'Show navigation prev next', 6, 0, NULL, '2018-07-12 13:18:27', NULL, 'tep_cfg_select_option(array(\'true\', \'false\'), '),
	(437, 'Hover Pause', 'MC_HD_HOVERPAUSE_NIVO', 'true', 'Stop animation while hovering', 6, 0, NULL, '2018-07-12 13:18:27', NULL, 'tep_cfg_select_option(array(\'true\', \'false\'), '),
	(438, 'Delay animSpeed', 'MC_HD_ANIMSPEED_NIVO', '500', 'Delay beetwen slides in ms', 6, 0, NULL, '2018-07-12 13:18:27', NULL, NULL),
	(439, 'Start Slide', 'MC_HD_START_SLIDE_NIVO', '0', 'Set starting Slide (0 index)', 6, 0, NULL, '2018-07-12 13:18:27', NULL, NULL),
	(440, 'Show Slide Description', 'MODULE_CONTENT_HEADER_NIVO_SLIDER_CAPTION', 'true', 'Show Slide Description in slider', 6, 0, NULL, '2018-07-12 13:18:27', NULL, 'tep_cfg_select_option(array(\'true\', \'false\'), '),
	(441, 'Slide group for slider', 'MODULE_CONTENT_HEADER_NIVO_SLIDER_GROUP', 'headerslider', 'Group of slides for Nivo Slider.<br>adds a single group of slides or more groups separate by : ej. group1 or group1:group2: group3 <br>leave the field empty if you do not want to use groups', 6, 0, NULL, '2018-07-12 13:18:27', NULL, NULL),
	(442, 'Delete auto created tables on module Remove', 'MODULE_CONTENT_HEADER_NIVO_SLIDER_DELETE_TABLES', 'False', 'Do you want to remove the tables that where created during installing this module?<br><i>Note: all the created data will be deleted</i>.', 6, 13, NULL, '2018-07-12 13:18:27', NULL, 'tep_cfg_select_option(array(\'True\', \'False\'), '),
	(443, 'Module Version', 'MODULE_CONTENT_INDEX_NIVO_SLIDER_VERSION', '2.1', 'The version of this module that you are running.', 6, 0, NULL, '2018-07-12 13:33:33', NULL, 'tep_cfg_disabled('),
	(444, 'Enable Nivo Slider', 'MODULE_CONTENT_INDEX_NIVO_SLIDER_STATUS', 'True', 'Do you want to show the nivo slider?', 6, 1, NULL, '2018-07-12 13:33:33', NULL, 'tep_cfg_select_option(array(\'True\', \'False\'), '),
	(445, 'Sort Order', 'MODULE_CONTENT_INDEX_NIVO_SLIDER_SORT_ORDER', '80', 'Sort order of display. Lowest is displayed first.', 6, 2, NULL, '2018-07-12 13:33:33', NULL, NULL),
	(446, 'Content Width', 'MODULE_CONTENT_INDEX_NIVO_SLIDER_CONTENT_WIDTH', '12', 'What width container should the content be shown in?', 6, 3, NULL, '2018-07-12 13:33:33', NULL, 'tep_cfg_select_option(array(\'12\', \'11\', \'10\', \'9\', \'8\', \'7\', \'6\', \'5\', \'4\', \'3\', \'2\', \'1\'), '),
	(447, 'Effect', 'MC_FP_EFFECT_NIVO', 'random', 'random, sliceDownRight, sliceDownLeft, sliceUpRight, sliceUpLeft, sliceUpDown, sliceUpDownLeft, fold, fade, boxRandom, boxRain, boxRainReverse, boxRainGrow, boxRainGrowReverse', 6, 0, NULL, '2018-07-12 13:33:33', NULL, 'tep_cfg_select_option(array(\'random\', \'sliceDownRight\', \'sliceDownLeft\', \'sliceUpRight\', \'sliceUpLeft\', \'sliceUpDown\', \'sliceUpDownLeft\', \'fold\', \'fade\', \'boxRandom\', \'boxRain\', \'boxRainReverse\', \'boxRainGrow\', \'boxRainGrowReverse\'), '),
	(448, 'Delay pauseTime', 'MC_FP_PAUSETIME_NIVO', '5000', 'Delay between images in ms', 6, 0, NULL, '2018-07-12 13:33:33', NULL, NULL),
	(449, 'Slides Limit', 'MODULE_CONTENT_INDEX_NIVO_SLIDER_LIMIT', '12', 'Limit of slides to database query', 6, 0, NULL, '2018-07-12 13:33:33', NULL, NULL),
	(450, 'Control Navigation', 'MC_FP_CONTROLNAV_NIVO', 'true', 'Show control 1,2,3...', 6, 0, NULL, '2018-07-12 13:33:33', NULL, 'tep_cfg_select_option(array(\'true\', \'false\'), '),
	(451, 'Navigation', 'MC_FP_NAVIGATION_NIVO', 'true', 'Show navigation prev next', 6, 0, NULL, '2018-07-12 13:33:33', NULL, 'tep_cfg_select_option(array(\'true\', \'false\'), '),
	(452, 'Hover Pause', 'MC_FP_HOVERPAUSE_NIVO', 'true', 'Stop animation while hovering', 6, 0, NULL, '2018-07-12 13:33:33', NULL, 'tep_cfg_select_option(array(\'true\', \'false\'), '),
	(453, 'Delay animSpeed', 'MC_FP_ANIMSPEED_NIVO', '500', 'Delay beetwen slides in ms', 6, 0, NULL, '2018-07-12 13:33:33', NULL, NULL),
	(454, 'Start Slide', 'MC_FP_START_SLIDE_NIVO', '0', 'Set starting Slide (0 index)', 6, 0, NULL, '2018-07-12 13:33:33', NULL, NULL),
	(455, 'Show Slide Description', 'MODULE_CONTENT_INDEX_NIVO_SLIDER_CAPTION', 'true', 'Show Slide Description in slider', 6, 0, NULL, '2018-07-12 13:33:33', NULL, 'tep_cfg_select_option(array(\'true\', \'false\'), '),
	(456, 'Slide group for slider', 'MODULE_CONTENT_INDEX_NIVO_SLIDER_GROUP', 'gruposlider1', 'Group of slides for Nivo Slider.<br>adds a single group of slides or more groups separate by : ej. group1 or group1:group2: group3 <br>leave the field empty if you do not want to use groups', 6, 0, NULL, '2018-07-12 13:33:33', NULL, NULL),
	(457, 'Delete auto created tables on module Remove', 'MODULE_CONTENT_INDEX_NIVO_SLIDER_DELETE_TABLES', 'False', 'Do you want to remove the tables that where created during installing this module?<br><i>Note: all the created data will be deleted</i>.', 6, 13, NULL, '2018-07-12 13:33:33', NULL, 'tep_cfg_select_option(array(\'True\', \'False\'), '),
	(458, 'Enable Search Link Module', 'MODULE_NAVBAR_SEARCH_LINK_STATUS', 'True', 'Do you want to add the module to your Navbar?', 6, 1, NULL, '2018-07-12 13:42:29', NULL, 'tep_cfg_select_option(array(\'True\', \'False\'), '),
	(459, 'Content Placement', 'MODULE_NAVBAR_SEARCH_LINK_CONTENT_PLACEMENT', 'Right', 'Should the module be loaded in the Left or Right or the Home area of the Navbar?', 6, 1, NULL, '2018-07-12 13:42:29', NULL, 'tep_cfg_select_option(array(\'Left\', \'Right\', \'Home\'), '),
	(460, 'Sort Order', 'MODULE_NAVBAR_SEARCH_LINK_SORT_ORDER', '520', 'Sort order of display. Lowest is displayed first.', 6, 0, NULL, '2018-07-12 13:42:29', NULL, NULL),
	(461, 'Enable Hamburger Button Module', 'MODULE_NAVBAR_HAMBURGER_BUTTON_STATUS', 'True', 'Do you want to add the module to your Navbar?', 6, 1, NULL, '2018-07-12 14:00:36', NULL, 'tep_cfg_select_option(array(\'True\', \'False\'), '),
	(462, 'Content Placement', 'MODULE_NAVBAR_HAMBURGER_BUTTON_CONTENT_PLACEMENT', 'Home', 'This module must be placed in the Home area of the Navbar.', 6, 1, NULL, '2018-07-12 14:00:36', NULL, 'tep_cfg_select_option(array(\'Home\'), '),
	(463, 'Sort Order', 'MODULE_NAVBAR_HAMBURGER_BUTTON_SORT_ORDER', '500', 'Sort order of display. Lowest is displayed first.', 6, 0, NULL, '2018-07-12 14:00:36', NULL, NULL),
	(470, 'Installed Modules', 'MODULE_CONTENT_NAVBAR_EXTRA_INSTALLED', '', 'This is automatically updated. No need to edit.', 6, 0, NULL, '2018-07-26 12:35:08', NULL, NULL),
	(471, 'Module Version', 'MODULE_CONTENT_NAVBAR_GENERIC_VERSION', '1.0.1', 'The version of this module that you are running.', 6, 0, NULL, '2018-07-26 12:39:13', NULL, 'tep_cfg_disabled('),
	(472, 'Enable Generic Module', 'MODULE_CONTENT_NAVBAR_GENERIC_STATUS', 'True', 'Should the generic link be shown in the navigation bar?', 6, 1, NULL, '2018-07-26 12:39:13', NULL, 'tep_cfg_select_option(array(\'True\', \'False\'), '),
	(473, 'Sort Order', 'MODULE_CONTENT_NAVBAR_GENERIC_SORT_ORDER', '3000', 'Sort order of display. Lowest is displayed first.', 6, 2, NULL, '2018-07-26 12:39:13', NULL, NULL),
	(474, 'Content Placement', 'MODULE_CONTENT_NAVBAR_GENERIC_CONTENT_PLACEMENT', 'left', 'Should the module be loaded on the left or right side of the navbar?', 6, 3, NULL, '2018-07-26 12:39:13', NULL, 'tep_cfg_select_option(array(\'left\', \'right\'), '),
	(475, 'Link Type', 'MODULE_CONTENT_NAVBAR_GENERIC_LINK_TYPE', 'internal', 'Is this an internal or external link?', 6, 4, NULL, '2018-07-26 12:39:13', NULL, 'tep_cfg_select_option(array(\'internal\', \'external\'), '),
	(476, 'Link', 'MODULE_CONTENT_NAVBAR_GENERIC_LINK', 'index.php', 'The osCommerce filename if internal, otherwise the full URL.', 6, 5, NULL, '2018-07-26 12:39:13', NULL, NULL),
	(477, 'Enable Categories Module', 'MODULE_BOXES_CATEGORIES_STATUS', 'True', 'Do you want to add the module to your shop?', 6, 1, NULL, '2018-07-26 13:08:10', NULL, 'tep_cfg_select_option(array(\'True\', \'False\'), '),
	(478, 'Content Placement', 'MODULE_BOXES_CATEGORIES_CONTENT_PLACEMENT', 'Left Column', 'Should the module be loaded in the left or right column?', 6, 1, NULL, '2018-07-26 13:08:10', NULL, 'tep_cfg_select_option(array(\'Left Column\', \'Right Column\'), '),
	(479, 'Sort Order', 'MODULE_BOXES_CATEGORIES_SORT_ORDER', '0', 'Sort order of display. Lowest is displayed first.', 6, 0, NULL, '2018-07-26 13:08:10', NULL, NULL);
/*!40000 ALTER TABLE `configuration` ENABLE KEYS */;

-- Dumping structure for table alfurat-responsive.configuration_group
CREATE TABLE IF NOT EXISTS `configuration_group` (
  `configuration_group_id` int(11) NOT NULL AUTO_INCREMENT,
  `configuration_group_title` varchar(64) COLLATE utf8_unicode_ci NOT NULL,
  `configuration_group_description` varchar(255) COLLATE utf8_unicode_ci NOT NULL,
  `sort_order` int(5) DEFAULT NULL,
  `visible` int(1) DEFAULT '1',
  PRIMARY KEY (`configuration_group_id`)
) ENGINE=InnoDB AUTO_INCREMENT=17 DEFAULT CHARSET=utf8 COLLATE=utf8_unicode_ci;

-- Dumping data for table alfurat-responsive.configuration_group: ~16 rows (approximately)
/*!40000 ALTER TABLE `configuration_group` DISABLE KEYS */;
INSERT INTO `configuration_group` (`configuration_group_id`, `configuration_group_title`, `configuration_group_description`, `sort_order`, `visible`) VALUES
	(1, 'My Store', 'General information about my store', 1, 1),
	(2, 'Minimum Values', 'The minimum values for functions / data', 2, 1),
	(3, 'Maximum Values', 'The maximum values for functions / data', 3, 1),
	(4, 'Images', 'Image parameters', 4, 1),
	(5, 'Customer Details', 'Customer account configuration', 5, 1),
	(6, 'Module Options', 'Hidden from configuration', 6, 0),
	(7, 'Shipping/Packaging', 'Shipping options available at my store', 7, 1),
	(8, 'Product Listing', 'Product Listing    configuration options', 8, 1),
	(9, 'Stock', 'Stock configuration options', 9, 1),
	(10, 'Logging', 'Logging configuration options', 10, 1),
	(11, 'Cache', 'Caching configuration options', 11, 1),
	(12, 'E-Mail Options', 'General setting for E-Mail transport and HTML E-Mails', 12, 1),
	(13, 'Download', 'Downloadable products options', 13, 1),
	(14, 'GZip Compression', 'GZip compression options', 14, 1),
	(15, 'Sessions', 'Session options', 15, 1),
	(16, 'Bootstrap Setup', 'Basic Bootstrap Options', 16, 1);
/*!40000 ALTER TABLE `configuration_group` ENABLE KEYS */;

-- Dumping structure for table alfurat-responsive.countries
CREATE TABLE IF NOT EXISTS `countries` (
  `countries_id` int(11) NOT NULL AUTO_INCREMENT,
  `countries_name` varchar(255) COLLATE utf8_unicode_ci NOT NULL,
  `countries_iso_code_2` char(2) COLLATE utf8_unicode_ci NOT NULL,
  `countries_iso_code_3` char(3) COLLATE utf8_unicode_ci NOT NULL,
  `address_format_id` int(11) NOT NULL,
  PRIMARY KEY (`countries_id`),
  KEY `IDX_COUNTRIES_NAME` (`countries_name`)
) ENGINE=InnoDB AUTO_INCREMENT=240 DEFAULT CHARSET=utf8 COLLATE=utf8_unicode_ci;

-- Dumping data for table alfurat-responsive.countries: ~239 rows (approximately)
/*!40000 ALTER TABLE `countries` DISABLE KEYS */;
INSERT INTO `countries` (`countries_id`, `countries_name`, `countries_iso_code_2`, `countries_iso_code_3`, `address_format_id`) VALUES
	(1, 'Afghanistan', 'AF', 'AFG', 1),
	(2, 'Albania', 'AL', 'ALB', 1),
	(3, 'Algeria', 'DZ', 'DZA', 1),
	(4, 'American Samoa', 'AS', 'ASM', 1),
	(5, 'Andorra', 'AD', 'AND', 1),
	(6, 'Angola', 'AO', 'AGO', 1),
	(7, 'Anguilla', 'AI', 'AIA', 1),
	(8, 'Antarctica', 'AQ', 'ATA', 1),
	(9, 'Antigua and Barbuda', 'AG', 'ATG', 1),
	(10, 'Argentina', 'AR', 'ARG', 1),
	(11, 'Armenia', 'AM', 'ARM', 1),
	(12, 'Aruba', 'AW', 'ABW', 1),
	(13, 'Australia', 'AU', 'AUS', 1),
	(14, 'Austria', 'AT', 'AUT', 5),
	(15, 'Azerbaijan', 'AZ', 'AZE', 1),
	(16, 'Bahamas', 'BS', 'BHS', 1),
	(17, 'Bahrain', 'BH', 'BHR', 1),
	(18, 'Bangladesh', 'BD', 'BGD', 1),
	(19, 'Barbados', 'BB', 'BRB', 1),
	(20, 'Belarus', 'BY', 'BLR', 1),
	(21, 'Belgium', 'BE', 'BEL', 1),
	(22, 'Belize', 'BZ', 'BLZ', 1),
	(23, 'Benin', 'BJ', 'BEN', 1),
	(24, 'Bermuda', 'BM', 'BMU', 1),
	(25, 'Bhutan', 'BT', 'BTN', 1),
	(26, 'Bolivia', 'BO', 'BOL', 1),
	(27, 'Bosnia and Herzegowina', 'BA', 'BIH', 1),
	(28, 'Botswana', 'BW', 'BWA', 1),
	(29, 'Bouvet Island', 'BV', 'BVT', 1),
	(30, 'Brazil', 'BR', 'BRA', 1),
	(31, 'British Indian Ocean Territory', 'IO', 'IOT', 1),
	(32, 'Brunei Darussalam', 'BN', 'BRN', 1),
	(33, 'Bulgaria', 'BG', 'BGR', 1),
	(34, 'Burkina Faso', 'BF', 'BFA', 1),
	(35, 'Burundi', 'BI', 'BDI', 1),
	(36, 'Cambodia', 'KH', 'KHM', 1),
	(37, 'Cameroon', 'CM', 'CMR', 1),
	(38, 'Canada', 'CA', 'CAN', 1),
	(39, 'Cape Verde', 'CV', 'CPV', 1),
	(40, 'Cayman Islands', 'KY', 'CYM', 1),
	(41, 'Central African Republic', 'CF', 'CAF', 1),
	(42, 'Chad', 'TD', 'TCD', 1),
	(43, 'Chile', 'CL', 'CHL', 1),
	(44, 'China', 'CN', 'CHN', 1),
	(45, 'Christmas Island', 'CX', 'CXR', 1),
	(46, 'Cocos (Keeling) Islands', 'CC', 'CCK', 1),
	(47, 'Colombia', 'CO', 'COL', 1),
	(48, 'Comoros', 'KM', 'COM', 1),
	(49, 'Congo', 'CG', 'COG', 1),
	(50, 'Cook Islands', 'CK', 'COK', 1),
	(51, 'Costa Rica', 'CR', 'CRI', 1),
	(52, 'Cote D\'Ivoire', 'CI', 'CIV', 1),
	(53, 'Croatia', 'HR', 'HRV', 1),
	(54, 'Cuba', 'CU', 'CUB', 1),
	(55, 'Cyprus', 'CY', 'CYP', 1),
	(56, 'Czech Republic', 'CZ', 'CZE', 1),
	(57, 'Denmark', 'DK', 'DNK', 1),
	(58, 'Djibouti', 'DJ', 'DJI', 1),
	(59, 'Dominica', 'DM', 'DMA', 1),
	(60, 'Dominican Republic', 'DO', 'DOM', 1),
	(61, 'East Timor', 'TP', 'TMP', 1),
	(62, 'Ecuador', 'EC', 'ECU', 1),
	(63, 'Egypt', 'EG', 'EGY', 1),
	(64, 'El Salvador', 'SV', 'SLV', 1),
	(65, 'Equatorial Guinea', 'GQ', 'GNQ', 1),
	(66, 'Eritrea', 'ER', 'ERI', 1),
	(67, 'Estonia', 'EE', 'EST', 1),
	(68, 'Ethiopia', 'ET', 'ETH', 1),
	(69, 'Falkland Islands (Malvinas)', 'FK', 'FLK', 1),
	(70, 'Faroe Islands', 'FO', 'FRO', 1),
	(71, 'Fiji', 'FJ', 'FJI', 1),
	(72, 'Finland', 'FI', 'FIN', 1),
	(73, 'France', 'FR', 'FRA', 1),
	(74, 'France, Metropolitan', 'FX', 'FXX', 1),
	(75, 'French Guiana', 'GF', 'GUF', 1),
	(76, 'French Polynesia', 'PF', 'PYF', 1),
	(77, 'French Southern Territories', 'TF', 'ATF', 1),
	(78, 'Gabon', 'GA', 'GAB', 1),
	(79, 'Gambia', 'GM', 'GMB', 1),
	(80, 'Georgia', 'GE', 'GEO', 1),
	(81, 'Germany', 'DE', 'DEU', 5),
	(82, 'Ghana', 'GH', 'GHA', 1),
	(83, 'Gibraltar', 'GI', 'GIB', 1),
	(84, 'Greece', 'GR', 'GRC', 1),
	(85, 'Greenland', 'GL', 'GRL', 1),
	(86, 'Grenada', 'GD', 'GRD', 1),
	(87, 'Guadeloupe', 'GP', 'GLP', 1),
	(88, 'Guam', 'GU', 'GUM', 1),
	(89, 'Guatemala', 'GT', 'GTM', 1),
	(90, 'Guinea', 'GN', 'GIN', 1),
	(91, 'Guinea-bissau', 'GW', 'GNB', 1),
	(92, 'Guyana', 'GY', 'GUY', 1),
	(93, 'Haiti', 'HT', 'HTI', 1),
	(94, 'Heard and Mc Donald Islands', 'HM', 'HMD', 1),
	(95, 'Honduras', 'HN', 'HND', 1),
	(96, 'Hong Kong', 'HK', 'HKG', 1),
	(97, 'Hungary', 'HU', 'HUN', 1),
	(98, 'Iceland', 'IS', 'ISL', 1),
	(99, 'India', 'IN', 'IND', 1),
	(100, 'Indonesia', 'ID', 'IDN', 1),
	(101, 'Iran (Islamic Republic of)', 'IR', 'IRN', 1),
	(102, 'Iraq', 'IQ', 'IRQ', 1),
	(103, 'Ireland', 'IE', 'IRL', 1),
	(104, 'Israel', 'IL', 'ISR', 1),
	(105, 'Italy', 'IT', 'ITA', 1),
	(106, 'Jamaica', 'JM', 'JAM', 1),
	(107, 'Japan', 'JP', 'JPN', 1),
	(108, 'Jordan', 'JO', 'JOR', 1),
	(109, 'Kazakhstan', 'KZ', 'KAZ', 1),
	(110, 'Kenya', 'KE', 'KEN', 1),
	(111, 'Kiribati', 'KI', 'KIR', 1),
	(112, 'Korea, Democratic People\'s Republic of', 'KP', 'PRK', 1),
	(113, 'Korea, Republic of', 'KR', 'KOR', 1),
	(114, 'Kuwait', 'KW', 'KWT', 1),
	(115, 'Kyrgyzstan', 'KG', 'KGZ', 1),
	(116, 'Lao People\'s Democratic Republic', 'LA', 'LAO', 1),
	(117, 'Latvia', 'LV', 'LVA', 1),
	(118, 'Lebanon', 'LB', 'LBN', 1),
	(119, 'Lesotho', 'LS', 'LSO', 1),
	(120, 'Liberia', 'LR', 'LBR', 1),
	(121, 'Libyan Arab Jamahiriya', 'LY', 'LBY', 1),
	(122, 'Liechtenstein', 'LI', 'LIE', 1),
	(123, 'Lithuania', 'LT', 'LTU', 1),
	(124, 'Luxembourg', 'LU', 'LUX', 1),
	(125, 'Macau', 'MO', 'MAC', 1),
	(126, 'Macedonia, The Former Yugoslav Republic of', 'MK', 'MKD', 1),
	(127, 'Madagascar', 'MG', 'MDG', 1),
	(128, 'Malawi', 'MW', 'MWI', 1),
	(129, 'Malaysia', 'MY', 'MYS', 1),
	(130, 'Maldives', 'MV', 'MDV', 1),
	(131, 'Mali', 'ML', 'MLI', 1),
	(132, 'Malta', 'MT', 'MLT', 1),
	(133, 'Marshall Islands', 'MH', 'MHL', 1),
	(134, 'Martinique', 'MQ', 'MTQ', 1),
	(135, 'Mauritania', 'MR', 'MRT', 1),
	(136, 'Mauritius', 'MU', 'MUS', 1),
	(137, 'Mayotte', 'YT', 'MYT', 1),
	(138, 'Mexico', 'MX', 'MEX', 1),
	(139, 'Micronesia, Federated States of', 'FM', 'FSM', 1),
	(140, 'Moldova, Republic of', 'MD', 'MDA', 1),
	(141, 'Monaco', 'MC', 'MCO', 1),
	(142, 'Mongolia', 'MN', 'MNG', 1),
	(143, 'Montserrat', 'MS', 'MSR', 1),
	(144, 'Morocco', 'MA', 'MAR', 1),
	(145, 'Mozambique', 'MZ', 'MOZ', 1),
	(146, 'Myanmar', 'MM', 'MMR', 1),
	(147, 'Namibia', 'NA', 'NAM', 1),
	(148, 'Nauru', 'NR', 'NRU', 1),
	(149, 'Nepal', 'NP', 'NPL', 1),
	(150, 'Netherlands', 'NL', 'NLD', 1),
	(151, 'Netherlands Antilles', 'AN', 'ANT', 1),
	(152, 'New Caledonia', 'NC', 'NCL', 1),
	(153, 'New Zealand', 'NZ', 'NZL', 1),
	(154, 'Nicaragua', 'NI', 'NIC', 1),
	(155, 'Niger', 'NE', 'NER', 1),
	(156, 'Nigeria', 'NG', 'NGA', 1),
	(157, 'Niue', 'NU', 'NIU', 1),
	(158, 'Norfolk Island', 'NF', 'NFK', 1),
	(159, 'Northern Mariana Islands', 'MP', 'MNP', 1),
	(160, 'Norway', 'NO', 'NOR', 1),
	(161, 'Oman', 'OM', 'OMN', 1),
	(162, 'Pakistan', 'PK', 'PAK', 1),
	(163, 'Palau', 'PW', 'PLW', 1),
	(164, 'Panama', 'PA', 'PAN', 1),
	(165, 'Papua New Guinea', 'PG', 'PNG', 1),
	(166, 'Paraguay', 'PY', 'PRY', 1),
	(167, 'Peru', 'PE', 'PER', 1),
	(168, 'Philippines', 'PH', 'PHL', 1),
	(169, 'Pitcairn', 'PN', 'PCN', 1),
	(170, 'Poland', 'PL', 'POL', 1),
	(171, 'Portugal', 'PT', 'PRT', 1),
	(172, 'Puerto Rico', 'PR', 'PRI', 1),
	(173, 'Qatar', 'QA', 'QAT', 1),
	(174, 'Reunion', 'RE', 'REU', 1),
	(175, 'Romania', 'RO', 'ROM', 1),
	(176, 'Russian Federation', 'RU', 'RUS', 1),
	(177, 'Rwanda', 'RW', 'RWA', 1),
	(178, 'Saint Kitts and Nevis', 'KN', 'KNA', 1),
	(179, 'Saint Lucia', 'LC', 'LCA', 1),
	(180, 'Saint Vincent and the Grenadines', 'VC', 'VCT', 1),
	(181, 'Samoa', 'WS', 'WSM', 1),
	(182, 'San Marino', 'SM', 'SMR', 1),
	(183, 'Sao Tome and Principe', 'ST', 'STP', 1),
	(184, 'Saudi Arabia', 'SA', 'SAU', 1),
	(185, 'Senegal', 'SN', 'SEN', 1),
	(186, 'Seychelles', 'SC', 'SYC', 1),
	(187, 'Sierra Leone', 'SL', 'SLE', 1),
	(188, 'Singapore', 'SG', 'SGP', 4),
	(189, 'Slovakia (Slovak Republic)', 'SK', 'SVK', 1),
	(190, 'Slovenia', 'SI', 'SVN', 1),
	(191, 'Solomon Islands', 'SB', 'SLB', 1),
	(192, 'Somalia', 'SO', 'SOM', 1),
	(193, 'South Africa', 'ZA', 'ZAF', 1),
	(194, 'South Georgia and the South Sandwich Islands', 'GS', 'SGS', 1),
	(195, 'Spain', 'ES', 'ESP', 3),
	(196, 'Sri Lanka', 'LK', 'LKA', 1),
	(197, 'St. Helena', 'SH', 'SHN', 1),
	(198, 'St. Pierre and Miquelon', 'PM', 'SPM', 1),
	(199, 'Sudan', 'SD', 'SDN', 1),
	(200, 'Suriname', 'SR', 'SUR', 1),
	(201, 'Svalbard and Jan Mayen Islands', 'SJ', 'SJM', 1),
	(202, 'Swaziland', 'SZ', 'SWZ', 1),
	(203, 'Sweden', 'SE', 'SWE', 1),
	(204, 'Switzerland', 'CH', 'CHE', 1),
	(205, 'Syrian Arab Republic', 'SY', 'SYR', 1),
	(206, 'Taiwan', 'TW', 'TWN', 1),
	(207, 'Tajikistan', 'TJ', 'TJK', 1),
	(208, 'Tanzania, United Republic of', 'TZ', 'TZA', 1),
	(209, 'Thailand', 'TH', 'THA', 1),
	(210, 'Togo', 'TG', 'TGO', 1),
	(211, 'Tokelau', 'TK', 'TKL', 1),
	(212, 'Tonga', 'TO', 'TON', 1),
	(213, 'Trinidad and Tobago', 'TT', 'TTO', 1),
	(214, 'Tunisia', 'TN', 'TUN', 1),
	(215, 'Turkey', 'TR', 'TUR', 1),
	(216, 'Turkmenistan', 'TM', 'TKM', 1),
	(217, 'Turks and Caicos Islands', 'TC', 'TCA', 1),
	(218, 'Tuvalu', 'TV', 'TUV', 1),
	(219, 'Uganda', 'UG', 'UGA', 1),
	(220, 'Ukraine', 'UA', 'UKR', 1),
	(221, 'United Arab Emirates', 'AE', 'ARE', 1),
	(222, 'United Kingdom', 'GB', 'GBR', 1),
	(223, 'United States', 'US', 'USA', 2),
	(224, 'United States Minor Outlying Islands', 'UM', 'UMI', 1),
	(225, 'Uruguay', 'UY', 'URY', 1),
	(226, 'Uzbekistan', 'UZ', 'UZB', 1),
	(227, 'Vanuatu', 'VU', 'VUT', 1),
	(228, 'Vatican City State (Holy See)', 'VA', 'VAT', 1),
	(229, 'Venezuela', 'VE', 'VEN', 1),
	(230, 'Viet Nam', 'VN', 'VNM', 1),
	(231, 'Virgin Islands (British)', 'VG', 'VGB', 1),
	(232, 'Virgin Islands (U.S.)', 'VI', 'VIR', 1),
	(233, 'Wallis and Futuna Islands', 'WF', 'WLF', 1),
	(234, 'Western Sahara', 'EH', 'ESH', 1),
	(235, 'Yemen', 'YE', 'YEM', 1),
	(236, 'Yugoslavia', 'YU', 'YUG', 1),
	(237, 'Zaire', 'ZR', 'ZAR', 1),
	(238, 'Zambia', 'ZM', 'ZMB', 1),
	(239, 'Zimbabwe', 'ZW', 'ZWE', 1);
/*!40000 ALTER TABLE `countries` ENABLE KEYS */;

-- Dumping structure for table alfurat-responsive.currencies
CREATE TABLE IF NOT EXISTS `currencies` (
  `currencies_id` int(11) NOT NULL AUTO_INCREMENT,
  `title` varchar(32) COLLATE utf8_unicode_ci NOT NULL,
  `code` char(3) COLLATE utf8_unicode_ci NOT NULL,
  `symbol_left` varchar(12) COLLATE utf8_unicode_ci DEFAULT NULL,
  `symbol_right` varchar(12) COLLATE utf8_unicode_ci DEFAULT NULL,
  `decimal_point` char(1) COLLATE utf8_unicode_ci DEFAULT NULL,
  `thousands_point` char(1) COLLATE utf8_unicode_ci DEFAULT NULL,
  `decimal_places` char(1) COLLATE utf8_unicode_ci DEFAULT NULL,
  `value` float(13,8) DEFAULT NULL,
  `last_updated` datetime DEFAULT NULL,
  PRIMARY KEY (`currencies_id`),
  KEY `idx_currencies_code` (`code`)
) ENGINE=InnoDB AUTO_INCREMENT=3 DEFAULT CHARSET=utf8 COLLATE=utf8_unicode_ci;

-- Dumping data for table alfurat-responsive.currencies: ~2 rows (approximately)
/*!40000 ALTER TABLE `currencies` DISABLE KEYS */;
INSERT INTO `currencies` (`currencies_id`, `title`, `code`, `symbol_left`, `symbol_right`, `decimal_point`, `thousands_point`, `decimal_places`, `value`, `last_updated`) VALUES
	(1, 'U.S. Dollar', 'USD', '$', '', '.', ',', '2', 1.00000000, '2018-07-12 11:37:47'),
	(2, 'Euro', 'EUR', '', '€', '.', ',', '2', 1.00000000, '2018-07-12 11:37:47');
/*!40000 ALTER TABLE `currencies` ENABLE KEYS */;

-- Dumping structure for table alfurat-responsive.customers
CREATE TABLE IF NOT EXISTS `customers` (
  `customers_id` int(11) NOT NULL AUTO_INCREMENT,
  `customers_gender` char(1) COLLATE utf8_unicode_ci DEFAULT NULL,
  `customers_firstname` varchar(255) COLLATE utf8_unicode_ci NOT NULL,
  `customers_lastname` varchar(255) COLLATE utf8_unicode_ci NOT NULL,
  `customers_dob` datetime NOT NULL DEFAULT '1970-01-01 00:00:01',
  `customers_email_address` varchar(255) COLLATE utf8_unicode_ci NOT NULL,
  `customers_default_address_id` int(11) DEFAULT NULL,
  `customers_telephone` varchar(255) COLLATE utf8_unicode_ci NOT NULL,
  `customers_fax` varchar(255) COLLATE utf8_unicode_ci DEFAULT NULL,
  `customers_password` varchar(60) COLLATE utf8_unicode_ci NOT NULL,
  `customers_newsletter` char(1) COLLATE utf8_unicode_ci DEFAULT NULL,
  PRIMARY KEY (`customers_id`),
  KEY `idx_customers_email_address` (`customers_email_address`)
) ENGINE=InnoDB DEFAULT CHARSET=utf8 COLLATE=utf8_unicode_ci;

-- Dumping data for table alfurat-responsive.customers: ~0 rows (approximately)
/*!40000 ALTER TABLE `customers` DISABLE KEYS */;
/*!40000 ALTER TABLE `customers` ENABLE KEYS */;

-- Dumping structure for table alfurat-responsive.customers_basket
CREATE TABLE IF NOT EXISTS `customers_basket` (
  `customers_basket_id` int(11) NOT NULL AUTO_INCREMENT,
  `customers_id` int(11) NOT NULL,
  `products_id` tinytext COLLATE utf8_unicode_ci NOT NULL,
  `customers_basket_quantity` int(2) NOT NULL,
  `final_price` decimal(15,4) DEFAULT NULL,
  `customers_basket_date_added` char(8) COLLATE utf8_unicode_ci DEFAULT NULL,
  PRIMARY KEY (`customers_basket_id`),
  KEY `idx_customers_basket_customers_id` (`customers_id`)
) ENGINE=InnoDB DEFAULT CHARSET=utf8 COLLATE=utf8_unicode_ci;

-- Dumping data for table alfurat-responsive.customers_basket: ~0 rows (approximately)
/*!40000 ALTER TABLE `customers_basket` DISABLE KEYS */;
/*!40000 ALTER TABLE `customers_basket` ENABLE KEYS */;

-- Dumping structure for table alfurat-responsive.customers_basket_attributes
CREATE TABLE IF NOT EXISTS `customers_basket_attributes` (
  `customers_basket_attributes_id` int(11) NOT NULL AUTO_INCREMENT,
  `customers_id` int(11) NOT NULL,
  `products_id` tinytext COLLATE utf8_unicode_ci NOT NULL,
  `products_options_id` int(11) NOT NULL,
  `products_options_value_id` int(11) NOT NULL,
  PRIMARY KEY (`customers_basket_attributes_id`),
  KEY `idx_customers_basket_att_customers_id` (`customers_id`)
) ENGINE=InnoDB DEFAULT CHARSET=utf8 COLLATE=utf8_unicode_ci;

-- Dumping data for table alfurat-responsive.customers_basket_attributes: ~0 rows (approximately)
/*!40000 ALTER TABLE `customers_basket_attributes` DISABLE KEYS */;
/*!40000 ALTER TABLE `customers_basket_attributes` ENABLE KEYS */;

-- Dumping structure for table alfurat-responsive.customers_info
CREATE TABLE IF NOT EXISTS `customers_info` (
  `customers_info_id` int(11) NOT NULL,
  `customers_info_date_of_last_logon` datetime DEFAULT NULL,
  `customers_info_number_of_logons` int(5) DEFAULT NULL,
  `customers_info_date_account_created` datetime DEFAULT NULL,
  `customers_info_date_account_last_modified` datetime DEFAULT NULL,
  `global_product_notifications` int(1) DEFAULT '0',
  `password_reset_key` char(40) COLLATE utf8_unicode_ci DEFAULT NULL,
  `password_reset_date` datetime DEFAULT NULL,
  PRIMARY KEY (`customers_info_id`)
) ENGINE=InnoDB DEFAULT CHARSET=utf8 COLLATE=utf8_unicode_ci;

-- Dumping data for table alfurat-responsive.customers_info: ~0 rows (approximately)
/*!40000 ALTER TABLE `customers_info` DISABLE KEYS */;
/*!40000 ALTER TABLE `customers_info` ENABLE KEYS */;

-- Dumping structure for table alfurat-responsive.geo_zones
CREATE TABLE IF NOT EXISTS `geo_zones` (
  `geo_zone_id` int(11) NOT NULL AUTO_INCREMENT,
  `geo_zone_name` varchar(32) COLLATE utf8_unicode_ci NOT NULL,
  `geo_zone_description` varchar(255) COLLATE utf8_unicode_ci NOT NULL,
  `last_modified` datetime DEFAULT NULL,
  `date_added` datetime NOT NULL,
  PRIMARY KEY (`geo_zone_id`)
) ENGINE=InnoDB AUTO_INCREMENT=2 DEFAULT CHARSET=utf8 COLLATE=utf8_unicode_ci;

-- Dumping data for table alfurat-responsive.geo_zones: ~0 rows (approximately)
/*!40000 ALTER TABLE `geo_zones` DISABLE KEYS */;
INSERT INTO `geo_zones` (`geo_zone_id`, `geo_zone_name`, `geo_zone_description`, `last_modified`, `date_added`) VALUES
	(1, 'Florida', 'Florida local sales tax zone', NULL, '2018-07-12 11:37:47');
/*!40000 ALTER TABLE `geo_zones` ENABLE KEYS */;

-- Dumping structure for table alfurat-responsive.languages
CREATE TABLE IF NOT EXISTS `languages` (
  `languages_id` int(11) NOT NULL AUTO_INCREMENT,
  `name` varchar(32) COLLATE utf8_unicode_ci NOT NULL,
  `code` char(2) COLLATE utf8_unicode_ci NOT NULL,
  `image` varchar(64) COLLATE utf8_unicode_ci DEFAULT NULL,
  `directory` varchar(32) COLLATE utf8_unicode_ci DEFAULT NULL,
  `sort_order` int(3) DEFAULT NULL,
  PRIMARY KEY (`languages_id`),
  KEY `IDX_LANGUAGES_NAME` (`name`)
) ENGINE=InnoDB AUTO_INCREMENT=4 DEFAULT CHARSET=utf8 COLLATE=utf8_unicode_ci;

-- Dumping data for table alfurat-responsive.languages: ~2 rows (approximately)
/*!40000 ALTER TABLE `languages` DISABLE KEYS */;
INSERT INTO `languages` (`languages_id`, `name`, `code`, `image`, `directory`, `sort_order`) VALUES
	(1, 'English', 'en', 'icon.gif', 'english', 1),
	(3, 'Arabic', 'ar', 'icon_li.gif', 'arabic', 0);
/*!40000 ALTER TABLE `languages` ENABLE KEYS */;

-- Dumping structure for table alfurat-responsive.manufacturers
CREATE TABLE IF NOT EXISTS `manufacturers` (
  `manufacturers_id` int(11) NOT NULL AUTO_INCREMENT,
  `manufacturers_name` varchar(32) COLLATE utf8_unicode_ci NOT NULL,
  `manufacturers_image` varchar(64) COLLATE utf8_unicode_ci DEFAULT NULL,
  `date_added` datetime DEFAULT NULL,
  `last_modified` datetime DEFAULT NULL,
  PRIMARY KEY (`manufacturers_id`),
  KEY `IDX_MANUFACTURERS_NAME` (`manufacturers_name`)
) ENGINE=InnoDB AUTO_INCREMENT=11 DEFAULT CHARSET=utf8 COLLATE=utf8_unicode_ci;

-- Dumping data for table alfurat-responsive.manufacturers: ~10 rows (approximately)
/*!40000 ALTER TABLE `manufacturers` DISABLE KEYS */;
INSERT INTO `manufacturers` (`manufacturers_id`, `manufacturers_name`, `manufacturers_image`, `date_added`, `last_modified`) VALUES
	(1, 'Matrox', 'manufacturer_matrox.gif', '2018-07-12 11:37:47', NULL),
	(2, 'Microsoft', 'manufacturer_microsoft.gif', '2018-07-12 11:37:47', NULL),
	(3, 'Warner', 'manufacturer_warner.gif', '2018-07-12 11:37:47', NULL),
	(4, 'Fox', 'manufacturer_fox.gif', '2018-07-12 11:37:47', NULL),
	(5, 'Logitech', 'manufacturer_logitech.gif', '2018-07-12 11:37:47', NULL),
	(6, 'Canon', 'manufacturer_canon.gif', '2018-07-12 11:37:47', NULL),
	(7, 'Sierra', 'manufacturer_sierra.gif', '2018-07-12 11:37:47', NULL),
	(8, 'GT Interactive', 'manufacturer_gt_interactive.gif', '2018-07-12 11:37:47', NULL),
	(9, 'Hewlett Packard', 'manufacturer_hewlett_packard.gif', '2018-07-12 11:37:47', NULL),
	(10, 'Samsung', 'manufacturer_samsung.png', '2018-07-12 11:37:47', NULL);
/*!40000 ALTER TABLE `manufacturers` ENABLE KEYS */;

-- Dumping structure for table alfurat-responsive.manufacturers_info
CREATE TABLE IF NOT EXISTS `manufacturers_info` (
  `manufacturers_id` int(11) NOT NULL,
  `languages_id` int(11) NOT NULL,
  `manufacturers_url` varchar(255) COLLATE utf8_unicode_ci NOT NULL,
  `url_clicked` int(5) NOT NULL DEFAULT '0',
  `date_last_click` datetime DEFAULT NULL,
  `manufacturers_description` text COLLATE utf8_unicode_ci,
  `manufacturers_seo_description` text COLLATE utf8_unicode_ci,
  `manufacturers_seo_keywords` varchar(128) COLLATE utf8_unicode_ci DEFAULT NULL,
  `manufacturers_seo_title` varchar(128) COLLATE utf8_unicode_ci DEFAULT NULL,
  PRIMARY KEY (`manufacturers_id`,`languages_id`)
) ENGINE=InnoDB DEFAULT CHARSET=utf8 COLLATE=utf8_unicode_ci;

-- Dumping data for table alfurat-responsive.manufacturers_info: ~20 rows (approximately)
/*!40000 ALTER TABLE `manufacturers_info` DISABLE KEYS */;
INSERT INTO `manufacturers_info` (`manufacturers_id`, `languages_id`, `manufacturers_url`, `url_clicked`, `date_last_click`, `manufacturers_description`, `manufacturers_seo_description`, `manufacturers_seo_keywords`, `manufacturers_seo_title`) VALUES
	(1, 1, 'http://www.matrox.com', 0, NULL, NULL, NULL, NULL, NULL),
	(1, 3, 'http://www.matrox.com', 0, NULL, NULL, NULL, NULL, NULL),
	(2, 1, 'http://www.microsoft.com', 0, NULL, NULL, NULL, NULL, NULL),
	(2, 3, 'http://www.microsoft.com', 0, NULL, NULL, NULL, NULL, NULL),
	(3, 1, 'http://www.warner.com', 0, NULL, NULL, NULL, NULL, NULL),
	(3, 3, 'http://www.warner.com', 0, NULL, NULL, NULL, NULL, NULL),
	(4, 1, 'http://www.fox.com', 0, NULL, NULL, NULL, NULL, NULL),
	(4, 3, 'http://www.fox.com', 0, NULL, NULL, NULL, NULL, NULL),
	(5, 1, 'http://www.logitech.com', 0, NULL, NULL, NULL, NULL, NULL),
	(5, 3, 'http://www.logitech.com', 0, NULL, NULL, NULL, NULL, NULL),
	(6, 1, 'http://www.canon.com', 0, NULL, NULL, NULL, NULL, NULL),
	(6, 3, 'http://www.canon.com', 0, NULL, NULL, NULL, NULL, NULL),
	(7, 1, 'http://www.sierra.com', 0, NULL, NULL, NULL, NULL, NULL),
	(7, 3, 'http://www.sierra.com', 0, NULL, NULL, NULL, NULL, NULL),
	(8, 1, 'http://www.infogrames.com', 0, NULL, NULL, NULL, NULL, NULL),
	(8, 3, 'http://www.infogrames.com', 0, NULL, NULL, NULL, NULL, NULL),
	(9, 1, 'http://www.hewlettpackard.com', 0, NULL, NULL, NULL, NULL, NULL),
	(9, 3, 'http://www.hewlettpackard.com', 0, NULL, NULL, NULL, NULL, NULL),
	(10, 1, 'http://www.samsung.com', 0, NULL, NULL, NULL, NULL, NULL),
	(10, 3, 'http://www.samsung.com', 0, NULL, NULL, NULL, NULL, NULL);
/*!40000 ALTER TABLE `manufacturers_info` ENABLE KEYS */;

-- Dumping structure for table alfurat-responsive.newsletters
CREATE TABLE IF NOT EXISTS `newsletters` (
  `newsletters_id` int(11) NOT NULL AUTO_INCREMENT,
  `title` varchar(255) COLLATE utf8_unicode_ci NOT NULL,
  `content` text COLLATE utf8_unicode_ci NOT NULL,
  `module` varchar(255) COLLATE utf8_unicode_ci NOT NULL,
  `date_added` datetime NOT NULL,
  `date_sent` datetime DEFAULT NULL,
  `status` int(1) DEFAULT NULL,
  `locked` int(1) DEFAULT '0',
  PRIMARY KEY (`newsletters_id`)
) ENGINE=InnoDB DEFAULT CHARSET=utf8 COLLATE=utf8_unicode_ci;

-- Dumping data for table alfurat-responsive.newsletters: ~0 rows (approximately)
/*!40000 ALTER TABLE `newsletters` DISABLE KEYS */;
/*!40000 ALTER TABLE `newsletters` ENABLE KEYS */;

-- Dumping structure for table alfurat-responsive.orders
CREATE TABLE IF NOT EXISTS `orders` (
  `orders_id` int(11) NOT NULL AUTO_INCREMENT,
  `customers_id` int(11) NOT NULL,
  `customers_name` varchar(255) COLLATE utf8_unicode_ci NOT NULL,
  `customers_company` varchar(255) COLLATE utf8_unicode_ci DEFAULT NULL,
  `customers_street_address` varchar(255) COLLATE utf8_unicode_ci NOT NULL,
  `customers_suburb` varchar(255) COLLATE utf8_unicode_ci DEFAULT NULL,
  `customers_city` varchar(255) COLLATE utf8_unicode_ci NOT NULL,
  `customers_postcode` varchar(255) COLLATE utf8_unicode_ci NOT NULL,
  `customers_state` varchar(255) COLLATE utf8_unicode_ci DEFAULT NULL,
  `customers_country` varchar(255) COLLATE utf8_unicode_ci NOT NULL,
  `customers_telephone` varchar(255) COLLATE utf8_unicode_ci NOT NULL,
  `customers_email_address` varchar(255) COLLATE utf8_unicode_ci NOT NULL,
  `customers_address_format_id` int(5) NOT NULL,
  `delivery_name` varchar(255) COLLATE utf8_unicode_ci NOT NULL,
  `delivery_company` varchar(255) COLLATE utf8_unicode_ci DEFAULT NULL,
  `delivery_street_address` varchar(255) COLLATE utf8_unicode_ci NOT NULL,
  `delivery_suburb` varchar(255) COLLATE utf8_unicode_ci DEFAULT NULL,
  `delivery_city` varchar(255) COLLATE utf8_unicode_ci NOT NULL,
  `delivery_postcode` varchar(255) COLLATE utf8_unicode_ci NOT NULL,
  `delivery_state` varchar(255) COLLATE utf8_unicode_ci DEFAULT NULL,
  `delivery_country` varchar(255) COLLATE utf8_unicode_ci NOT NULL,
  `delivery_address_format_id` int(5) NOT NULL,
  `billing_name` varchar(255) COLLATE utf8_unicode_ci NOT NULL,
  `billing_company` varchar(255) COLLATE utf8_unicode_ci DEFAULT NULL,
  `billing_street_address` varchar(255) COLLATE utf8_unicode_ci NOT NULL,
  `billing_suburb` varchar(255) COLLATE utf8_unicode_ci DEFAULT NULL,
  `billing_city` varchar(255) COLLATE utf8_unicode_ci NOT NULL,
  `billing_postcode` varchar(255) COLLATE utf8_unicode_ci NOT NULL,
  `billing_state` varchar(255) COLLATE utf8_unicode_ci DEFAULT NULL,
  `billing_country` varchar(255) COLLATE utf8_unicode_ci NOT NULL,
  `billing_address_format_id` int(5) NOT NULL,
  `payment_method` varchar(255) COLLATE utf8_unicode_ci NOT NULL,
  `cc_type` varchar(20) COLLATE utf8_unicode_ci DEFAULT NULL,
  `cc_owner` varchar(255) COLLATE utf8_unicode_ci DEFAULT NULL,
  `cc_number` varchar(32) COLLATE utf8_unicode_ci DEFAULT NULL,
  `cc_expires` varchar(4) COLLATE utf8_unicode_ci DEFAULT NULL,
  `last_modified` datetime DEFAULT NULL,
  `date_purchased` datetime DEFAULT NULL,
  `orders_status` int(5) NOT NULL,
  `orders_date_finished` datetime DEFAULT NULL,
  `currency` char(3) COLLATE utf8_unicode_ci DEFAULT NULL,
  `currency_value` decimal(14,6) DEFAULT NULL,
  PRIMARY KEY (`orders_id`),
  KEY `idx_orders_customers_id` (`customers_id`)
) ENGINE=InnoDB DEFAULT CHARSET=utf8 COLLATE=utf8_unicode_ci;

-- Dumping data for table alfurat-responsive.orders: ~0 rows (approximately)
/*!40000 ALTER TABLE `orders` DISABLE KEYS */;
/*!40000 ALTER TABLE `orders` ENABLE KEYS */;

-- Dumping structure for table alfurat-responsive.orders_products
CREATE TABLE IF NOT EXISTS `orders_products` (
  `orders_products_id` int(11) NOT NULL AUTO_INCREMENT,
  `orders_id` int(11) NOT NULL,
  `products_id` int(11) NOT NULL,
  `products_model` varchar(64) COLLATE utf8_unicode_ci DEFAULT NULL,
  `products_name` varchar(64) COLLATE utf8_unicode_ci NOT NULL,
  `products_price` decimal(15,4) NOT NULL,
  `final_price` decimal(15,4) NOT NULL,
  `products_tax` decimal(7,4) NOT NULL,
  `products_quantity` int(2) NOT NULL,
  PRIMARY KEY (`orders_products_id`),
  KEY `idx_orders_products_orders_id` (`orders_id`),
  KEY `idx_orders_products_products_id` (`products_id`)
) ENGINE=InnoDB DEFAULT CHARSET=utf8 COLLATE=utf8_unicode_ci;

-- Dumping data for table alfurat-responsive.orders_products: ~0 rows (approximately)
/*!40000 ALTER TABLE `orders_products` DISABLE KEYS */;
/*!40000 ALTER TABLE `orders_products` ENABLE KEYS */;

-- Dumping structure for table alfurat-responsive.orders_products_attributes
CREATE TABLE IF NOT EXISTS `orders_products_attributes` (
  `orders_products_attributes_id` int(11) NOT NULL AUTO_INCREMENT,
  `orders_id` int(11) NOT NULL,
  `orders_products_id` int(11) NOT NULL,
  `products_options` varchar(32) COLLATE utf8_unicode_ci NOT NULL,
  `products_options_values` varchar(32) COLLATE utf8_unicode_ci NOT NULL,
  `options_values_price` decimal(15,4) NOT NULL,
  `price_prefix` char(1) COLLATE utf8_unicode_ci NOT NULL,
  PRIMARY KEY (`orders_products_attributes_id`),
  KEY `idx_orders_products_att_orders_id` (`orders_id`)
) ENGINE=InnoDB DEFAULT CHARSET=utf8 COLLATE=utf8_unicode_ci;

-- Dumping data for table alfurat-responsive.orders_products_attributes: ~0 rows (approximately)
/*!40000 ALTER TABLE `orders_products_attributes` DISABLE KEYS */;
/*!40000 ALTER TABLE `orders_products_attributes` ENABLE KEYS */;

-- Dumping structure for table alfurat-responsive.orders_products_download
CREATE TABLE IF NOT EXISTS `orders_products_download` (
  `orders_products_download_id` int(11) NOT NULL AUTO_INCREMENT,
  `orders_id` int(11) NOT NULL DEFAULT '0',
  `orders_products_id` int(11) NOT NULL DEFAULT '0',
  `orders_products_filename` varchar(255) COLLATE utf8_unicode_ci NOT NULL DEFAULT '',
  `download_maxdays` int(2) NOT NULL DEFAULT '0',
  `download_count` int(2) NOT NULL DEFAULT '0',
  PRIMARY KEY (`orders_products_download_id`),
  KEY `idx_orders_products_download_orders_id` (`orders_id`)
) ENGINE=InnoDB DEFAULT CHARSET=utf8 COLLATE=utf8_unicode_ci;

-- Dumping data for table alfurat-responsive.orders_products_download: ~0 rows (approximately)
/*!40000 ALTER TABLE `orders_products_download` DISABLE KEYS */;
/*!40000 ALTER TABLE `orders_products_download` ENABLE KEYS */;

-- Dumping structure for table alfurat-responsive.orders_status
CREATE TABLE IF NOT EXISTS `orders_status` (
  `orders_status_id` int(11) NOT NULL DEFAULT '0',
  `language_id` int(11) NOT NULL DEFAULT '1',
  `orders_status_name` varchar(32) COLLATE utf8_unicode_ci NOT NULL,
  `public_flag` int(11) DEFAULT '1',
  `downloads_flag` int(11) DEFAULT '0',
  PRIMARY KEY (`orders_status_id`,`language_id`),
  KEY `idx_orders_status_name` (`orders_status_name`)
) ENGINE=InnoDB DEFAULT CHARSET=utf8 COLLATE=utf8_unicode_ci;

-- Dumping data for table alfurat-responsive.orders_status: ~8 rows (approximately)
/*!40000 ALTER TABLE `orders_status` DISABLE KEYS */;
INSERT INTO `orders_status` (`orders_status_id`, `language_id`, `orders_status_name`, `public_flag`, `downloads_flag`) VALUES
	(1, 1, 'Pending', 1, 0),
	(1, 3, 'Pending', 1, 0),
	(2, 1, 'Processing', 1, 1),
	(2, 3, 'Processing', 1, 0),
	(3, 1, 'Delivered', 1, 1),
	(3, 3, 'Delivered', 1, 0),
	(4, 1, 'Authorize.net [Transactions]', 0, 0),
	(4, 3, 'Authorize.net [Transactions]', 0, 0);
/*!40000 ALTER TABLE `orders_status` ENABLE KEYS */;

-- Dumping structure for table alfurat-responsive.orders_status_history
CREATE TABLE IF NOT EXISTS `orders_status_history` (
  `orders_status_history_id` int(11) NOT NULL AUTO_INCREMENT,
  `orders_id` int(11) NOT NULL,
  `orders_status_id` int(5) NOT NULL,
  `date_added` datetime NOT NULL,
  `customer_notified` int(1) DEFAULT '0',
  `comments` text COLLATE utf8_unicode_ci,
  PRIMARY KEY (`orders_status_history_id`),
  KEY `idx_orders_status_history_orders_id` (`orders_id`)
) ENGINE=InnoDB DEFAULT CHARSET=utf8 COLLATE=utf8_unicode_ci;

-- Dumping data for table alfurat-responsive.orders_status_history: ~0 rows (approximately)
/*!40000 ALTER TABLE `orders_status_history` DISABLE KEYS */;
/*!40000 ALTER TABLE `orders_status_history` ENABLE KEYS */;

-- Dumping structure for table alfurat-responsive.orders_total
CREATE TABLE IF NOT EXISTS `orders_total` (
  `orders_total_id` int(10) unsigned NOT NULL AUTO_INCREMENT,
  `orders_id` int(11) NOT NULL,
  `title` varchar(255) COLLATE utf8_unicode_ci NOT NULL,
  `text` varchar(255) COLLATE utf8_unicode_ci NOT NULL,
  `value` decimal(15,4) NOT NULL,
  `class` varchar(32) COLLATE utf8_unicode_ci NOT NULL,
  `sort_order` int(11) NOT NULL,
  PRIMARY KEY (`orders_total_id`),
  KEY `idx_orders_total_orders_id` (`orders_id`)
) ENGINE=InnoDB DEFAULT CHARSET=utf8 COLLATE=utf8_unicode_ci;

-- Dumping data for table alfurat-responsive.orders_total: ~0 rows (approximately)
/*!40000 ALTER TABLE `orders_total` DISABLE KEYS */;
/*!40000 ALTER TABLE `orders_total` ENABLE KEYS */;

-- Dumping structure for table alfurat-responsive.oscom_app_paypal_log
CREATE TABLE IF NOT EXISTS `oscom_app_paypal_log` (
  `id` int(10) unsigned NOT NULL AUTO_INCREMENT,
  `customers_id` int(11) NOT NULL,
  `module` varchar(8) COLLATE utf8_unicode_ci NOT NULL,
  `action` varchar(255) COLLATE utf8_unicode_ci NOT NULL,
  `result` tinyint(4) NOT NULL,
  `server` tinyint(4) NOT NULL,
  `request` text COLLATE utf8_unicode_ci NOT NULL,
  `response` text COLLATE utf8_unicode_ci NOT NULL,
  `ip_address` int(10) unsigned DEFAULT NULL,
  `date_added` datetime DEFAULT NULL,
  PRIMARY KEY (`id`),
  KEY `idx_oapl_module` (`module`)
) ENGINE=InnoDB DEFAULT CHARSET=utf8 COLLATE=utf8_unicode_ci;

-- Dumping data for table alfurat-responsive.oscom_app_paypal_log: ~0 rows (approximately)
/*!40000 ALTER TABLE `oscom_app_paypal_log` DISABLE KEYS */;
/*!40000 ALTER TABLE `oscom_app_paypal_log` ENABLE KEYS */;

-- Dumping structure for table alfurat-responsive.products
CREATE TABLE IF NOT EXISTS `products` (
  `products_id` int(11) NOT NULL AUTO_INCREMENT,
  `products_quantity` int(4) NOT NULL,
  `products_model` varchar(64) COLLATE utf8_unicode_ci DEFAULT NULL,
  `products_image` varchar(64) COLLATE utf8_unicode_ci DEFAULT NULL,
  `products_price` decimal(15,4) NOT NULL,
  `products_date_added` datetime NOT NULL,
  `products_last_modified` datetime DEFAULT NULL,
  `products_date_available` datetime DEFAULT NULL,
  `products_weight` decimal(5,2) NOT NULL,
  `products_status` tinyint(1) NOT NULL,
  `products_tax_class_id` int(11) NOT NULL,
  `manufacturers_id` int(11) DEFAULT NULL,
  `products_ordered` int(11) NOT NULL DEFAULT '0',
  `products_gtin` char(14) COLLATE utf8_unicode_ci DEFAULT NULL,
  PRIMARY KEY (`products_id`),
  KEY `idx_products_model` (`products_model`),
  KEY `idx_products_date_added` (`products_date_added`)
) ENGINE=InnoDB AUTO_INCREMENT=29 DEFAULT CHARSET=utf8 COLLATE=utf8_unicode_ci;

-- Dumping data for table alfurat-responsive.products: ~28 rows (approximately)
/*!40000 ALTER TABLE `products` DISABLE KEYS */;
INSERT INTO `products` (`products_id`, `products_quantity`, `products_model`, `products_image`, `products_price`, `products_date_added`, `products_last_modified`, `products_date_available`, `products_weight`, `products_status`, `products_tax_class_id`, `manufacturers_id`, `products_ordered`, `products_gtin`) VALUES
	(1, 32, 'MG200MMS', 'matrox/mg200mms.gif', 299.9900, '2018-07-12 11:37:47', NULL, NULL, 23.00, 1, 1, 1, 0, ''),
	(2, 32, 'MG400-32MB', 'matrox/mg400-32mb.gif', 499.9900, '2018-07-12 11:37:47', NULL, NULL, 23.00, 1, 1, 1, 0, ''),
	(3, 2, 'MSIMPRO', 'microsoft/msimpro.gif', 49.9900, '2018-07-12 11:37:47', NULL, NULL, 7.00, 1, 1, 3, 0, ''),
	(4, 13, 'DVD-RPMK', 'dvd/replacement_killers.gif', 42.0000, '2018-07-12 11:37:47', NULL, NULL, 23.00, 1, 1, 2, 0, ''),
	(5, 17, 'DVD-BLDRNDC', 'dvd/blade_runner.gif', 35.9900, '2018-07-12 11:37:47', NULL, NULL, 7.00, 1, 1, 3, 0, ''),
	(6, 10, 'DVD-MATR', 'dvd/the_matrix.gif', 39.9900, '2018-07-12 11:37:47', NULL, NULL, 7.00, 1, 1, 3, 0, ''),
	(7, 10, 'DVD-YGEM', 'dvd/youve_got_mail.gif', 34.9900, '2018-07-12 11:37:47', NULL, NULL, 7.00, 1, 1, 3, 0, ''),
	(8, 10, 'DVD-ABUG', 'dvd/a_bugs_life.gif', 35.9900, '2018-07-12 11:37:47', NULL, NULL, 7.00, 1, 1, 3, 0, ''),
	(9, 10, 'DVD-UNSG', 'dvd/under_siege.gif', 29.9900, '2018-07-12 11:37:47', NULL, NULL, 7.00, 1, 1, 3, 0, ''),
	(10, 10, 'DVD-UNSG2', 'dvd/under_siege2.gif', 29.9900, '2018-07-12 11:37:47', NULL, NULL, 7.00, 1, 1, 3, 0, ''),
	(11, 10, 'DVD-FDBL', 'dvd/fire_down_below.gif', 29.9900, '2018-07-12 11:37:47', NULL, NULL, 7.00, 1, 1, 3, 0, ''),
	(12, 10, 'DVD-DHWV', 'dvd/die_hard_3.gif', 39.9900, '2018-07-12 11:37:47', NULL, NULL, 7.00, 1, 1, 4, 0, ''),
	(13, 10, 'DVD-LTWP', 'dvd/lethal_weapon.gif', 34.9900, '2018-07-12 11:37:47', NULL, NULL, 7.00, 1, 1, 3, 0, ''),
	(14, 10, 'DVD-REDC', 'dvd/red_corner.gif', 32.0000, '2018-07-12 11:37:47', NULL, NULL, 7.00, 1, 1, 3, 0, ''),
	(15, 10, 'DVD-FRAN', 'dvd/frantic.gif', 35.0000, '2018-07-12 11:37:47', NULL, NULL, 7.00, 1, 1, 3, 0, ''),
	(16, 10, 'DVD-CUFI', 'dvd/courage_under_fire.gif', 38.9900, '2018-07-12 11:37:47', NULL, NULL, 7.00, 1, 1, 4, 0, ''),
	(17, 10, 'DVD-SPEED', 'dvd/speed.gif', 39.9900, '2018-07-12 11:37:47', NULL, NULL, 7.00, 1, 1, 4, 0, ''),
	(18, 10, 'DVD-SPEED2', 'dvd/speed_2.gif', 42.0000, '2018-07-12 11:37:47', NULL, NULL, 7.00, 1, 1, 4, 0, ''),
	(19, 10, 'DVD-TSAB', 'dvd/theres_something_about_mary.gif', 49.9900, '2018-07-12 11:37:47', NULL, NULL, 7.00, 1, 1, 4, 0, ''),
	(20, 10, 'DVD-BELOVED', 'dvd/beloved.gif', 54.9900, '2018-07-12 11:37:47', NULL, NULL, 7.00, 1, 1, 3, 0, ''),
	(21, 16, 'PC-SWAT3', 'sierra/swat_3.gif', 79.9900, '2018-07-12 11:37:47', NULL, NULL, 7.00, 1, 1, 7, 0, ''),
	(22, 13, 'PC-UNTM', 'gt_interactive/unreal_tournament.gif', 89.9900, '2018-07-12 11:37:47', NULL, NULL, 7.00, 1, 1, 8, 0, ''),
	(23, 16, 'PC-TWOF', 'gt_interactive/wheel_of_time.gif', 99.9900, '2018-07-12 11:37:47', NULL, NULL, 10.00, 1, 1, 8, 0, ''),
	(24, 17, 'PC-DISC', 'gt_interactive/disciples.gif', 90.0000, '2018-07-12 11:37:47', NULL, NULL, 8.00, 1, 1, 8, 0, ''),
	(25, 16, 'MSINTKB', 'microsoft/intkeyboardps2.gif', 69.9900, '2018-07-12 11:37:47', NULL, NULL, 8.00, 1, 1, 2, 0, ''),
	(26, 10, 'MSIMEXP', 'microsoft/imexplorer.gif', 64.9500, '2018-07-12 11:37:47', NULL, NULL, 8.00, 1, 1, 2, 0, ''),
	(27, 8, 'HPLJ1100XI', 'hewlett_packard/lj1100xi.gif', 499.9900, '2018-07-12 11:37:47', NULL, NULL, 45.00, 1, 1, 9, 0, ''),
	(28, 100, 'GT-P1000', 'samsung/galaxy_tab.gif', 749.9900, '2018-07-12 11:37:47', NULL, NULL, 1.00, 1, 1, 10, 0, '');
/*!40000 ALTER TABLE `products` ENABLE KEYS */;

-- Dumping structure for table alfurat-responsive.products_attributes
CREATE TABLE IF NOT EXISTS `products_attributes` (
  `products_attributes_id` int(11) NOT NULL AUTO_INCREMENT,
  `products_id` int(11) NOT NULL,
  `options_id` int(11) NOT NULL,
  `options_values_id` int(11) NOT NULL,
  `options_values_price` decimal(15,4) NOT NULL,
  `price_prefix` char(1) COLLATE utf8_unicode_ci NOT NULL,
  PRIMARY KEY (`products_attributes_id`),
  KEY `idx_products_attributes_products_id` (`products_id`)
) ENGINE=InnoDB AUTO_INCREMENT=28 DEFAULT CHARSET=utf8 COLLATE=utf8_unicode_ci;

-- Dumping data for table alfurat-responsive.products_attributes: ~13 rows (approximately)
/*!40000 ALTER TABLE `products_attributes` DISABLE KEYS */;
INSERT INTO `products_attributes` (`products_attributes_id`, `products_id`, `options_id`, `options_values_id`, `options_values_price`, `price_prefix`) VALUES
	(1, 1, 4, 1, 0.0000, '+'),
	(2, 1, 4, 2, 50.0000, '+'),
	(3, 1, 4, 3, 70.0000, '+'),
	(4, 1, 3, 5, 0.0000, '+'),
	(5, 1, 3, 6, 100.0000, '+'),
	(6, 2, 4, 3, 10.0000, '-'),
	(7, 2, 4, 4, 0.0000, '+'),
	(8, 2, 3, 6, 0.0000, '+'),
	(9, 2, 3, 7, 120.0000, '+'),
	(10, 26, 3, 8, 0.0000, '+'),
	(11, 26, 3, 9, 6.0000, '+'),
	(26, 22, 5, 10, 0.0000, '+'),
	(27, 22, 5, 13, 0.0000, '+');
/*!40000 ALTER TABLE `products_attributes` ENABLE KEYS */;

-- Dumping structure for table alfurat-responsive.products_attributes_download
CREATE TABLE IF NOT EXISTS `products_attributes_download` (
  `products_attributes_id` int(11) NOT NULL,
  `products_attributes_filename` varchar(255) COLLATE utf8_unicode_ci NOT NULL DEFAULT '',
  `products_attributes_maxdays` int(2) DEFAULT '0',
  `products_attributes_maxcount` int(2) DEFAULT '0',
  PRIMARY KEY (`products_attributes_id`)
) ENGINE=InnoDB DEFAULT CHARSET=utf8 COLLATE=utf8_unicode_ci;

-- Dumping data for table alfurat-responsive.products_attributes_download: ~0 rows (approximately)
/*!40000 ALTER TABLE `products_attributes_download` DISABLE KEYS */;
INSERT INTO `products_attributes_download` (`products_attributes_id`, `products_attributes_filename`, `products_attributes_maxdays`, `products_attributes_maxcount`) VALUES
	(26, 'unreal.zip', 7, 3);
/*!40000 ALTER TABLE `products_attributes_download` ENABLE KEYS */;

-- Dumping structure for table alfurat-responsive.products_description
CREATE TABLE IF NOT EXISTS `products_description` (
  `products_id` int(11) NOT NULL AUTO_INCREMENT,
  `language_id` int(11) NOT NULL DEFAULT '1',
  `products_name` varchar(64) COLLATE utf8_unicode_ci NOT NULL DEFAULT '',
  `products_description` text COLLATE utf8_unicode_ci,
  `products_url` varchar(255) COLLATE utf8_unicode_ci DEFAULT NULL,
  `products_viewed` int(5) DEFAULT '0',
  `products_seo_description` text COLLATE utf8_unicode_ci,
  `products_seo_keywords` varchar(128) COLLATE utf8_unicode_ci DEFAULT NULL,
  `products_seo_title` varchar(128) COLLATE utf8_unicode_ci DEFAULT NULL,
  PRIMARY KEY (`products_id`,`language_id`),
  KEY `products_name` (`products_name`)
) ENGINE=InnoDB AUTO_INCREMENT=29 DEFAULT CHARSET=utf8 COLLATE=utf8_unicode_ci;

-- Dumping data for table alfurat-responsive.products_description: ~56 rows (approximately)
/*!40000 ALTER TABLE `products_description` DISABLE KEYS */;
INSERT INTO `products_description` (`products_id`, `language_id`, `products_name`, `products_description`, `products_url`, `products_viewed`, `products_seo_description`, `products_seo_keywords`, `products_seo_title`) VALUES
	(1, 1, 'Matrox G200 MMS', 'Reinforcing its position as a multi-monitor trailblazer, Matrox Graphics Inc. has once again developed the most flexible and highly advanced solution in the industry. Introducing the new Matrox G200 Multi-Monitor Series; the first graphics card ever to support up to four DVI digital flat panel displays on a single 8&quot; PCI board.<br /><br />With continuing demand for digital flat panels in the financial workplace, the Matrox G200 MMS is the ultimate in flexible solutions. The Matrox G200 MMS also supports the new digital video interface (DVI) created by the Digital Display Working Group (DDWG) designed to ease the adoption of digital flat panels. Other configurations include composite video capture ability and onboard TV tuner, making the Matrox G200 MMS the complete solution for business needs.<br /><br />Based on the award-winning MGA-G200 graphics chip, the Matrox G200 Multi-Monitor Series provides superior 2D/3D graphics acceleration to meet the demanding needs of business applications such as real-time stock quotes (Versus), live video feeds (Reuters &amp; Bloombergs), multiple windows applications, word processing, spreadsheets and CAD.', 'www.matrox.com/mga/products/g200_mms/home.cfm', 0, NULL, NULL, NULL),
	(1, 3, 'Matrox G200 MMS', 'Reinforcing its position as a multi-monitor trailblazer, Matrox Graphics Inc. has once again developed the most flexible and highly advanced solution in the industry. Introducing the new Matrox G200 Multi-Monitor Series; the first graphics card ever to support up to four DVI digital flat panel displays on a single 8&quot; PCI board.<br /><br />With continuing demand for digital flat panels in the financial workplace, the Matrox G200 MMS is the ultimate in flexible solutions. The Matrox G200 MMS also supports the new digital video interface (DVI) created by the Digital Display Working Group (DDWG) designed to ease the adoption of digital flat panels. Other configurations include composite video capture ability and onboard TV tuner, making the Matrox G200 MMS the complete solution for business needs.<br /><br />Based on the award-winning MGA-G200 graphics chip, the Matrox G200 Multi-Monitor Series provides superior 2D/3D graphics acceleration to meet the demanding needs of business applications such as real-time stock quotes (Versus), live video feeds (Reuters &amp; Bloombergs), multiple windows applications, word processing, spreadsheets and CAD.', 'www.matrox.com/mga/products/g200_mms/home.cfm', 0, NULL, NULL, NULL),
	(2, 1, 'Matrox G400 32MB', '<strong>Dramatically Different High Performance Graphics</strong><br /><br />Introducing the Millennium G400 Series - a dramatically different, high performance graphics experience. Armed with the industry\'s fastest graphics chip, the Millennium G400 Series takes explosive acceleration two steps further by adding unprecedented image quality, along with the most versatile display options for all your 3D, 2D and DVD applications. As the most powerful and innovative tools in your PC\'s arsenal, the Millennium G400 Series will not only change the way you see graphics, but will revolutionize the way you use your computer.<br /><br /><strong>Key features:</strong><ul><li>New Matrox G400 256-bit DualBus graphics chip</li><li>Explosive 3D, 2D and DVD performance</li><li>DualHead Display</li><li>Superior DVD and TV output</li><li>3D Environment-Mapped Bump Mapping</li><li>Vibrant Color Quality rendering </li><li>UltraSharp DAC of up to 360 MHz</li><li>3D Rendering Array Processor</li><li>Support for 16 or 32 MB of memory</li></ul>', 'www.matrox.com/mga/products/mill_g400/home.htm', 0, NULL, NULL, NULL),
	(2, 3, 'Matrox G400 32MB', '<strong>Dramatically Different High Performance Graphics</strong><br /><br />Introducing the Millennium G400 Series - a dramatically different, high performance graphics experience. Armed with the industry\'s fastest graphics chip, the Millennium G400 Series takes explosive acceleration two steps further by adding unprecedented image quality, along with the most versatile display options for all your 3D, 2D and DVD applications. As the most powerful and innovative tools in your PC\'s arsenal, the Millennium G400 Series will not only change the way you see graphics, but will revolutionize the way you use your computer.<br /><br /><strong>Key features:</strong><ul><li>New Matrox G400 256-bit DualBus graphics chip</li><li>Explosive 3D, 2D and DVD performance</li><li>DualHead Display</li><li>Superior DVD and TV output</li><li>3D Environment-Mapped Bump Mapping</li><li>Vibrant Color Quality rendering </li><li>UltraSharp DAC of up to 360 MHz</li><li>3D Rendering Array Processor</li><li>Support for 16 or 32 MB of memory</li></ul>', 'www.matrox.com/mga/products/mill_g400/home.htm', 0, NULL, NULL, NULL),
	(3, 1, 'Microsoft IntelliMouse Pro', 'Every element of IntelliMouse Pro - from its unique arched shape to the texture of the rubber grip around its base - is the product of extensive customer and ergonomic research. Microsoft\'s popular wheel control, which now allows zooming and universal scrolling functions, gives IntelliMouse Pro outstanding comfort and efficiency.', 'www.microsoft.com/hardware/mouse/intellimouse.asp', 0, NULL, NULL, NULL),
	(3, 3, 'Microsoft IntelliMouse Pro', 'Every element of IntelliMouse Pro - from its unique arched shape to the texture of the rubber grip around its base - is the product of extensive customer and ergonomic research. Microsoft\'s popular wheel control, which now allows zooming and universal scrolling functions, gives IntelliMouse Pro outstanding comfort and efficiency.', 'www.microsoft.com/hardware/mouse/intellimouse.asp', 0, NULL, NULL, NULL),
	(4, 1, 'The Replacement Killers', 'Regional Code: 2 (Japan, Europe, Middle East, South Africa).<br />Languages: English, Deutsch.<br />Subtitles: English, Deutsch, Spanish.<br />Audio: Dolby Surround 5.1.<br />Picture Format: 16:9 Wide-Screen.<br />Length: (approx) 80 minutes.<br />Other: Interactive Menus, Chapter Selection, Subtitles (more languages).', 'www.replacement-killers.com', 0, NULL, NULL, NULL),
	(4, 3, 'The Replacement Killers', 'Regional Code: 2 (Japan, Europe, Middle East, South Africa).<br />Languages: English, Deutsch.<br />Subtitles: English, Deutsch, Spanish.<br />Audio: Dolby Surround 5.1.<br />Picture Format: 16:9 Wide-Screen.<br />Length: (approx) 80 minutes.<br />Other: Interactive Menus, Chapter Selection, Subtitles (more languages).', 'www.replacement-killers.com', 0, NULL, NULL, NULL),
	(5, 1, 'Blade Runner - Director\'s Cut', 'Regional Code: 2 (Japan, Europe, Middle East, South Africa).<br />Languages: English, Deutsch.<br />Subtitles: English, Deutsch, Spanish.<br />Audio: Dolby Surround 5.1.<br />Picture Format: 16:9 Wide-Screen.<br />Length: (approx) 112 minutes.<br />Other: Interactive Menus, Chapter Selection, Subtitles (more languages).', 'www.bladerunner.com', 0, NULL, NULL, NULL),
	(5, 3, 'Blade Runner - Director\'s Cut', 'Regional Code: 2 (Japan, Europe, Middle East, South Africa).<br />Languages: English, Deutsch.<br />Subtitles: English, Deutsch, Spanish.<br />Audio: Dolby Surround 5.1.<br />Picture Format: 16:9 Wide-Screen.<br />Length: (approx) 112 minutes.<br />Other: Interactive Menus, Chapter Selection, Subtitles (more languages).', 'www.bladerunner.com', 0, NULL, NULL, NULL),
	(6, 1, 'The Matrix', 'Regional Code: 2 (Japan, Europe, Middle East, South Africa).\r<br />\nLanguages: English, Deutsch.\r<br />\nSubtitles: English, Deutsch.\r<br />\nAudio: Dolby Surround.\r<br />\nPicture Format: 16:9 Wide-Screen.\r<br />\nLength: (approx) 131 minutes.\r<br />\nOther: Interactive Menus, Chapter Selection, Making Of.', 'www.thematrix.com', 0, NULL, NULL, NULL),
	(6, 3, 'The Matrix', 'Regional Code: 2 (Japan, Europe, Middle East, South Africa).\r<br />\nLanguages: English, Deutsch.\r<br />\nSubtitles: English, Deutsch.\r<br />\nAudio: Dolby Surround.\r<br />\nPicture Format: 16:9 Wide-Screen.\r<br />\nLength: (approx) 131 minutes.\r<br />\nOther: Interactive Menus, Chapter Selection, Making Of.', 'www.thematrix.com', 0, NULL, NULL, NULL),
	(7, 1, 'You\'ve Got Mail', 'Regional Code: 2 (Japan, Europe, Middle East, South Africa).\r<br />\nLanguages: English, Deutsch, Spanish.\r<br />\nSubtitles: English, Deutsch, Spanish, French, Nordic, Polish.\r<br />\nAudio: Dolby Digital 5.1.\r<br />\nPicture Format: 16:9 Wide-Screen.\r<br />\nLength: (approx) 115 minutes.\r<br />\nOther: Interactive Menus, Chapter Selection, Subtitles (more languages).', 'www.youvegotmail.com', 0, NULL, NULL, NULL),
	(7, 3, 'You\'ve Got Mail', 'Regional Code: 2 (Japan, Europe, Middle East, South Africa).\r<br />\nLanguages: English, Deutsch, Spanish.\r<br />\nSubtitles: English, Deutsch, Spanish, French, Nordic, Polish.\r<br />\nAudio: Dolby Digital 5.1.\r<br />\nPicture Format: 16:9 Wide-Screen.\r<br />\nLength: (approx) 115 minutes.\r<br />\nOther: Interactive Menus, Chapter Selection, Subtitles (more languages).', 'www.youvegotmail.com', 0, NULL, NULL, NULL),
	(8, 1, 'A Bug\'s Life', 'Regional Code: 2 (Japan, Europe, Middle East, South Africa).\r<br />\nLanguages: English, Deutsch.\r<br />\nSubtitles: English, Deutsch, Spanish.\r<br />\nAudio: Dolby Digital 5.1 / Dobly Surround Stereo.\r<br />\nPicture Format: 16:9 Wide-Screen.\r<br />\nLength: (approx) 91 minutes.\r<br />\nOther: Interactive Menus, Chapter Selection, Subtitles (more languages).', 'www.abugslife.com', 0, NULL, NULL, NULL),
	(8, 3, 'A Bug\'s Life', 'Regional Code: 2 (Japan, Europe, Middle East, South Africa).\r<br />\nLanguages: English, Deutsch.\r<br />\nSubtitles: English, Deutsch, Spanish.\r<br />\nAudio: Dolby Digital 5.1 / Dobly Surround Stereo.\r<br />\nPicture Format: 16:9 Wide-Screen.\r<br />\nLength: (approx) 91 minutes.\r<br />\nOther: Interactive Menus, Chapter Selection, Subtitles (more languages).', 'www.abugslife.com', 0, NULL, NULL, NULL),
	(9, 1, 'Under Siege', 'Regional Code: 2 (Japan, Europe, Middle East, South Africa).\r<br />\nLanguages: English, Deutsch.\r<br />\nSubtitles: English, Deutsch, Spanish.\r<br />\nAudio: Dolby Surround 5.1.\r<br />\nPicture Format: 16:9 Wide-Screen.\r<br />\nLength: (approx) 98 minutes.\r<br />\nOther: Interactive Menus, Chapter Selection, Subtitles (more languages).', '', 0, NULL, NULL, NULL),
	(9, 3, 'Under Siege', 'Regional Code: 2 (Japan, Europe, Middle East, South Africa).\r<br />\nLanguages: English, Deutsch.\r<br />\nSubtitles: English, Deutsch, Spanish.\r<br />\nAudio: Dolby Surround 5.1.\r<br />\nPicture Format: 16:9 Wide-Screen.\r<br />\nLength: (approx) 98 minutes.\r<br />\nOther: Interactive Menus, Chapter Selection, Subtitles (more languages).', '', 0, NULL, NULL, NULL),
	(10, 1, 'Under Siege 2 - Dark Territory', 'Regional Code: 2 (Japan, Europe, Middle East, South Africa).\r<br />\nLanguages: English, Deutsch.\r<br />\nSubtitles: English, Deutsch, Spanish.\r<br />\nAudio: Dolby Surround 5.1.\r<br />\nPicture Format: 16:9 Wide-Screen.\r<br />\nLength: (approx) 98 minutes.\r<br />\nOther: Interactive Menus, Chapter Selection, Subtitles (more languages).', '', 0, NULL, NULL, NULL),
	(10, 3, 'Under Siege 2 - Dark Territory', 'Regional Code: 2 (Japan, Europe, Middle East, South Africa).\r<br />\nLanguages: English, Deutsch.\r<br />\nSubtitles: English, Deutsch, Spanish.\r<br />\nAudio: Dolby Surround 5.1.\r<br />\nPicture Format: 16:9 Wide-Screen.\r<br />\nLength: (approx) 98 minutes.\r<br />\nOther: Interactive Menus, Chapter Selection, Subtitles (more languages).', '', 0, NULL, NULL, NULL),
	(11, 1, 'Fire Down Below', 'Regional Code: 2 (Japan, Europe, Middle East, South Africa).\r<br />\nLanguages: English, Deutsch.\r<br />\nSubtitles: English, Deutsch, Spanish.\r<br />\nAudio: Dolby Surround 5.1.\r<br />\nPicture Format: 16:9 Wide-Screen.\r<br />\nLength: (approx) 100 minutes.\r<br />\nOther: Interactive Menus, Chapter Selection, Subtitles (more languages).', '', 0, NULL, NULL, NULL),
	(11, 3, 'Fire Down Below', 'Regional Code: 2 (Japan, Europe, Middle East, South Africa).\r<br />\nLanguages: English, Deutsch.\r<br />\nSubtitles: English, Deutsch, Spanish.\r<br />\nAudio: Dolby Surround 5.1.\r<br />\nPicture Format: 16:9 Wide-Screen.\r<br />\nLength: (approx) 100 minutes.\r<br />\nOther: Interactive Menus, Chapter Selection, Subtitles (more languages).', '', 0, NULL, NULL, NULL),
	(12, 1, 'Die Hard With A Vengeance', 'Regional Code: 2 (Japan, Europe, Middle East, South Africa).\r<br />\nLanguages: English, Deutsch.\r<br />\nSubtitles: English, Deutsch, Spanish.\r<br />\nAudio: Dolby Surround 5.1.\r<br />\nPicture Format: 16:9 Wide-Screen.\r<br />\nLength: (approx) 122 minutes.\r<br />\nOther: Interactive Menus, Chapter Selection, Subtitles (more languages).', '', 0, NULL, NULL, NULL),
	(12, 3, 'Die Hard With A Vengeance', 'Regional Code: 2 (Japan, Europe, Middle East, South Africa).\r<br />\nLanguages: English, Deutsch.\r<br />\nSubtitles: English, Deutsch, Spanish.\r<br />\nAudio: Dolby Surround 5.1.\r<br />\nPicture Format: 16:9 Wide-Screen.\r<br />\nLength: (approx) 122 minutes.\r<br />\nOther: Interactive Menus, Chapter Selection, Subtitles (more languages).', '', 0, NULL, NULL, NULL),
	(13, 1, 'Lethal Weapon', 'Regional Code: 2 (Japan, Europe, Middle East, South Africa).\r<br />\nLanguages: English, Deutsch.\r<br />\nSubtitles: English, Deutsch, Spanish.\r<br />\nAudio: Dolby Surround 5.1.\r<br />\nPicture Format: 16:9 Wide-Screen.\r<br />\nLength: (approx) 100 minutes.\r<br />\nOther: Interactive Menus, Chapter Selection, Subtitles (more languages).', '', 0, NULL, NULL, NULL),
	(13, 3, 'Lethal Weapon', 'Regional Code: 2 (Japan, Europe, Middle East, South Africa).\r<br />\nLanguages: English, Deutsch.\r<br />\nSubtitles: English, Deutsch, Spanish.\r<br />\nAudio: Dolby Surround 5.1.\r<br />\nPicture Format: 16:9 Wide-Screen.\r<br />\nLength: (approx) 100 minutes.\r<br />\nOther: Interactive Menus, Chapter Selection, Subtitles (more languages).', '', 0, NULL, NULL, NULL),
	(14, 1, 'Red Corner', 'Regional Code: 2 (Japan, Europe, Middle East, South Africa).\r<br />\nLanguages: English, Deutsch.\r<br />\nSubtitles: English, Deutsch, Spanish.\r<br />\nAudio: Dolby Surround 5.1.\r<br />\nPicture Format: 16:9 Wide-Screen.\r<br />\nLength: (approx) 117 minutes.\r<br />\nOther: Interactive Menus, Chapter Selection, Subtitles (more languages).', '', 0, NULL, NULL, NULL),
	(14, 3, 'Red Corner', 'Regional Code: 2 (Japan, Europe, Middle East, South Africa).\r<br />\nLanguages: English, Deutsch.\r<br />\nSubtitles: English, Deutsch, Spanish.\r<br />\nAudio: Dolby Surround 5.1.\r<br />\nPicture Format: 16:9 Wide-Screen.\r<br />\nLength: (approx) 117 minutes.\r<br />\nOther: Interactive Menus, Chapter Selection, Subtitles (more languages).', '', 0, NULL, NULL, NULL),
	(15, 1, 'Frantic', 'Regional Code: 2 (Japan, Europe, Middle East, South Africa).\r<br />\nLanguages: English, Deutsch.\r<br />\nSubtitles: English, Deutsch, Spanish.\r<br />\nAudio: Dolby Surround 5.1.\r<br />\nPicture Format: 16:9 Wide-Screen.\r<br />\nLength: (approx) 115 minutes.\r<br />\nOther: Interactive Menus, Chapter Selection, Subtitles (more languages).', '', 0, NULL, NULL, NULL),
	(15, 3, 'Frantic', 'Regional Code: 2 (Japan, Europe, Middle East, South Africa).\r<br />\nLanguages: English, Deutsch.\r<br />\nSubtitles: English, Deutsch, Spanish.\r<br />\nAudio: Dolby Surround 5.1.\r<br />\nPicture Format: 16:9 Wide-Screen.\r<br />\nLength: (approx) 115 minutes.\r<br />\nOther: Interactive Menus, Chapter Selection, Subtitles (more languages).', '', 0, NULL, NULL, NULL),
	(16, 1, 'Courage Under Fire', 'Regional Code: 2 (Japan, Europe, Middle East, South Africa).\r<br />\nLanguages: English, Deutsch.\r<br />\nSubtitles: English, Deutsch, Spanish.\r<br />\nAudio: Dolby Surround 5.1.\r<br />\nPicture Format: 16:9 Wide-Screen.\r<br />\nLength: (approx) 112 minutes.\r<br />\nOther: Interactive Menus, Chapter Selection, Subtitles (more languages).', '', 0, NULL, NULL, NULL),
	(16, 3, 'Courage Under Fire', 'Regional Code: 2 (Japan, Europe, Middle East, South Africa).\r<br />\nLanguages: English, Deutsch.\r<br />\nSubtitles: English, Deutsch, Spanish.\r<br />\nAudio: Dolby Surround 5.1.\r<br />\nPicture Format: 16:9 Wide-Screen.\r<br />\nLength: (approx) 112 minutes.\r<br />\nOther: Interactive Menus, Chapter Selection, Subtitles (more languages).', '', 0, NULL, NULL, NULL),
	(17, 1, 'Speed', 'Regional Code: 2 (Japan, Europe, Middle East, South Africa).\r<br />\nLanguages: English, Deutsch.\r<br />\nSubtitles: English, Deutsch, Spanish.\r<br />\nAudio: Dolby Surround 5.1.\r<br />\nPicture Format: 16:9 Wide-Screen.\r<br />\nLength: (approx) 112 minutes.\r<br />\nOther: Interactive Menus, Chapter Selection, Subtitles (more languages).', '', 0, NULL, NULL, NULL),
	(17, 3, 'Speed', 'Regional Code: 2 (Japan, Europe, Middle East, South Africa).\r<br />\nLanguages: English, Deutsch.\r<br />\nSubtitles: English, Deutsch, Spanish.\r<br />\nAudio: Dolby Surround 5.1.\r<br />\nPicture Format: 16:9 Wide-Screen.\r<br />\nLength: (approx) 112 minutes.\r<br />\nOther: Interactive Menus, Chapter Selection, Subtitles (more languages).', '', 0, NULL, NULL, NULL),
	(18, 1, 'Speed 2: Cruise Control', 'Regional Code: 2 (Japan, Europe, Middle East, South Africa).\r<br />\nLanguages: English, Deutsch.\r<br />\nSubtitles: English, Deutsch, Spanish.\r<br />\nAudio: Dolby Surround 5.1.\r<br />\nPicture Format: 16:9 Wide-Screen.\r<br />\nLength: (approx) 120 minutes.\r<br />\nOther: Interactive Menus, Chapter Selection, Subtitles (more languages).', '', 0, NULL, NULL, NULL),
	(18, 3, 'Speed 2: Cruise Control', 'Regional Code: 2 (Japan, Europe, Middle East, South Africa).\r<br />\nLanguages: English, Deutsch.\r<br />\nSubtitles: English, Deutsch, Spanish.\r<br />\nAudio: Dolby Surround 5.1.\r<br />\nPicture Format: 16:9 Wide-Screen.\r<br />\nLength: (approx) 120 minutes.\r<br />\nOther: Interactive Menus, Chapter Selection, Subtitles (more languages).', '', 0, NULL, NULL, NULL),
	(19, 1, 'There\'s Something About Mary', 'Regional Code: 2 (Japan, Europe, Middle East, South Africa).\r<br />\nLanguages: English, Deutsch.\r<br />\nSubtitles: English, Deutsch, Spanish.\r<br />\nAudio: Dolby Surround 5.1.\r<br />\nPicture Format: 16:9 Wide-Screen.\r<br />\nLength: (approx) 114 minutes.\r<br />\nOther: Interactive Menus, Chapter Selection, Subtitles (more languages).', '', 0, NULL, NULL, NULL),
	(19, 3, 'There\'s Something About Mary', 'Regional Code: 2 (Japan, Europe, Middle East, South Africa).\r<br />\nLanguages: English, Deutsch.\r<br />\nSubtitles: English, Deutsch, Spanish.\r<br />\nAudio: Dolby Surround 5.1.\r<br />\nPicture Format: 16:9 Wide-Screen.\r<br />\nLength: (approx) 114 minutes.\r<br />\nOther: Interactive Menus, Chapter Selection, Subtitles (more languages).', '', 0, NULL, NULL, NULL),
	(20, 1, 'Beloved', 'Regional Code: 2 (Japan, Europe, Middle East, South Africa).\r<br />\nLanguages: English, Deutsch.\r<br />\nSubtitles: English, Deutsch, Spanish.\r<br />\nAudio: Dolby Surround 5.1.\r<br />\nPicture Format: 16:9 Wide-Screen.\r<br />\nLength: (approx) 164 minutes.\r<br />\nOther: Interactive Menus, Chapter Selection, Subtitles (more languages).', '', 0, NULL, NULL, NULL),
	(20, 3, 'Beloved', 'Regional Code: 2 (Japan, Europe, Middle East, South Africa).\r<br />\nLanguages: English, Deutsch.\r<br />\nSubtitles: English, Deutsch, Spanish.\r<br />\nAudio: Dolby Surround 5.1.\r<br />\nPicture Format: 16:9 Wide-Screen.\r<br />\nLength: (approx) 164 minutes.\r<br />\nOther: Interactive Menus, Chapter Selection, Subtitles (more languages).', '', 0, NULL, NULL, NULL),
	(21, 1, 'SWAT 3: Close Quarters Battle', '<strong>Windows 95/98</strong><br /><br />211 in progress with shots fired. Officer down. Armed suspects with hostages. Respond Code 3! Los Angles, 2005, In the next seven days, representatives from every nation around the world will converge on Las Angles to witness the signing of the United Nations Nuclear Abolishment Treaty. The protection of these dignitaries falls on the shoulders of one organization, LAPD SWAT. As part of this elite tactical organization, you and your team have the weapons and all the training necessary to protect, to serve, and "When needed" to use deadly force to keep the peace. It takes more than weapons to make it through each mission. Your arsenal includes C2 charges, flashbangs, tactical grenades. opti-Wand mini-video cameras, and other devices critical to meeting your objectives and keeping your men free of injury. Uncompromised Duty, Honor and Valor!', 'www.swat3.com', 0, NULL, NULL, NULL),
	(21, 3, 'SWAT 3: Close Quarters Battle', '<strong>Windows 95/98</strong><br /><br />211 in progress with shots fired. Officer down. Armed suspects with hostages. Respond Code 3! Los Angles, 2005, In the next seven days, representatives from every nation around the world will converge on Las Angles to witness the signing of the United Nations Nuclear Abolishment Treaty. The protection of these dignitaries falls on the shoulders of one organization, LAPD SWAT. As part of this elite tactical organization, you and your team have the weapons and all the training necessary to protect, to serve, and "When needed" to use deadly force to keep the peace. It takes more than weapons to make it through each mission. Your arsenal includes C2 charges, flashbangs, tactical grenades. opti-Wand mini-video cameras, and other devices critical to meeting your objectives and keeping your men free of injury. Uncompromised Duty, Honor and Valor!', 'www.swat3.com', 0, NULL, NULL, NULL),
	(22, 1, 'Unreal Tournament', 'From the creators of the best-selling Unreal, comes Unreal Tournament. A new kind of single player experience. A ruthless multiplayer revolution.<br /><br />This stand-alone game showcases completely new team-based gameplay, groundbreaking multi-faceted single player action or dynamic multi-player mayhem. It\'s a fight to the finish for the title of Unreal Grand Master in the gladiatorial arena. A single player experience like no other! Guide your team of \'bots\' (virtual teamates) against the hardest criminals in the galaxy for the ultimate title - the Unreal Grand Master.', 'www.unrealtournament.net', 0, NULL, NULL, NULL),
	(22, 3, 'Unreal Tournament', 'From the creators of the best-selling Unreal, comes Unreal Tournament. A new kind of single player experience. A ruthless multiplayer revolution.<br /><br />This stand-alone game showcases completely new team-based gameplay, groundbreaking multi-faceted single player action or dynamic multi-player mayhem. It\'s a fight to the finish for the title of Unreal Grand Master in the gladiatorial arena. A single player experience like no other! Guide your team of \'bots\' (virtual teamates) against the hardest criminals in the galaxy for the ultimate title - the Unreal Grand Master.', 'www.unrealtournament.net', 0, NULL, NULL, NULL),
	(23, 1, 'The Wheel Of Time', 'The world in which The Wheel of Time takes place is lifted directly out of Jordan\'s pages; it\'s huge and consists of many different environments. How you navigate the world will depend largely on which game - single player or multipayer - you\'re playing. The single player experience, with a few exceptions, will see Elayna traversing the world mainly by foot (with a couple notable exceptions). In the multiplayer experience, your character will have more access to travel via Ter\'angreal, Portal Stones, and the Ways. However you move around, though, you\'ll quickly discover that means of locomotion can easily become the least of the your worries...<br /><br />During your travels, you quickly discover that four locations are crucial to your success in the game. Not surprisingly, these locations are the homes of The Wheel of Time\'s main characters. Some of these places are ripped directly from the pages of Jordan\'s books, made flesh with Legend\'s unparalleled pixel-pushing ways. Other places are specific to the game, conceived and executed with the intent of expanding this game world even further. Either way, they provide a backdrop for some of the most intense first person action and strategy you\'ll have this year.', 'www.wheeloftime.com', 0, NULL, NULL, NULL),
	(23, 3, 'The Wheel Of Time', 'The world in which The Wheel of Time takes place is lifted directly out of Jordan\'s pages; it\'s huge and consists of many different environments. How you navigate the world will depend largely on which game - single player or multipayer - you\'re playing. The single player experience, with a few exceptions, will see Elayna traversing the world mainly by foot (with a couple notable exceptions). In the multiplayer experience, your character will have more access to travel via Ter\'angreal, Portal Stones, and the Ways. However you move around, though, you\'ll quickly discover that means of locomotion can easily become the least of the your worries...<br /><br />During your travels, you quickly discover that four locations are crucial to your success in the game. Not surprisingly, these locations are the homes of The Wheel of Time\'s main characters. Some of these places are ripped directly from the pages of Jordan\'s books, made flesh with Legend\'s unparalleled pixel-pushing ways. Other places are specific to the game, conceived and executed with the intent of expanding this game world even further. Either way, they provide a backdrop for some of the most intense first person action and strategy you\'ll have this year.', 'www.wheeloftime.com', 0, NULL, NULL, NULL),
	(24, 1, 'Disciples: Sacred Lands', 'A new age is dawning...<br /><br />Enter the realm of the Sacred Lands, where the dawn of a New Age has set in motion the most momentous of wars. As the prophecies long foretold, four races now clash with swords and sorcery in a desperate bid to control the destiny of their gods. Take on the quest as a champion of the Empire, the Mountain Clans, the Legions of the Damned, or the Undead Hordes and test your faith in battles of brute force, spellbinding magic and acts of guile. Slay demons, vanquish giants and combat merciless forces of the dead and undead. But to ensure the salvation of your god, the hero within must evolve.<br /><br />The day of reckoning has come... and only the chosen will survive.', '', 0, NULL, NULL, NULL),
	(24, 3, 'Disciples: Sacred Lands', 'A new age is dawning...<br /><br />Enter the realm of the Sacred Lands, where the dawn of a New Age has set in motion the most momentous of wars. As the prophecies long foretold, four races now clash with swords and sorcery in a desperate bid to control the destiny of their gods. Take on the quest as a champion of the Empire, the Mountain Clans, the Legions of the Damned, or the Undead Hordes and test your faith in battles of brute force, spellbinding magic and acts of guile. Slay demons, vanquish giants and combat merciless forces of the dead and undead. But to ensure the salvation of your god, the hero within must evolve.<br /><br />The day of reckoning has come... and only the chosen will survive.', '', 0, NULL, NULL, NULL),
	(25, 1, 'Microsoft Internet Keyboard PS/2', 'The Internet Keyboard has 10 Hot Keys on a comfortable standard keyboard design that also includes a detachable palm rest. The Hot Keys allow you to browse the web, or check e-mail directly from your keyboard. The IntelliType Pro software also allows you to customize your hot keys - make the Internet Keyboard work the way you want it to!', '', 0, NULL, NULL, NULL),
	(25, 3, 'Microsoft Internet Keyboard PS/2', 'The Internet Keyboard has 10 Hot Keys on a comfortable standard keyboard design that also includes a detachable palm rest. The Hot Keys allow you to browse the web, or check e-mail directly from your keyboard. The IntelliType Pro software also allows you to customize your hot keys - make the Internet Keyboard work the way you want it to!', '', 0, NULL, NULL, NULL),
	(26, 1, 'Microsoft IntelliMouse Explorer', 'Microsoft introduces its most advanced mouse, the IntelliMouse Explorer! IntelliMouse Explorer features a sleek design, an industrial-silver finish, a glowing red underside and taillight, creating a style and look unlike any other mouse. IntelliMouse Explorer combines the accuracy and reliability of Microsoft IntelliEye optical tracking technology, the convenience of two new customizable function buttons, the efficiency of the scrolling wheel and the comfort of expert ergonomic design. All these great features make this the best mouse for the PC!', 'www.microsoft.com/hardware/mouse/explorer.asp', 1, NULL, NULL, NULL),
	(26, 3, 'Microsoft IntelliMouse Explorer', 'Microsoft introduces its most advanced mouse, the IntelliMouse Explorer! IntelliMouse Explorer features a sleek design, an industrial-silver finish, a glowing red underside and taillight, creating a style and look unlike any other mouse. IntelliMouse Explorer combines the accuracy and reliability of Microsoft IntelliEye optical tracking technology, the convenience of two new customizable function buttons, the efficiency of the scrolling wheel and the comfort of expert ergonomic design. All these great features make this the best mouse for the PC!', 'www.microsoft.com/hardware/mouse/explorer.asp', 0, NULL, NULL, NULL),
	(27, 1, 'Hewlett Packard LaserJet 1100Xi', 'HP has always set the pace in laser printing technology. The new generation HP LaserJet 1100 series sets another impressive pace, delivering a stunning 8 pages per minute print speed. The 600 dpi print resolution with HP\'s Resolution Enhancement technology (REt) makes every document more professional.<br /><br />Enhanced print speed and laser quality results are just the beginning. With 2MB standard memory, HP LaserJet 1100xi users will be able to print increasingly complex pages. Memory can be increased to 18MB to tackle even more complex documents with ease. The HP LaserJet 1100xi supports key operating systems including Windows 3.1, 3.11, 95, 98, NT 4.0, OS/2 and DOS. Network compatibility available via the optional HP JetDirect External Print Servers.<br /><br />HP LaserJet 1100xi also features The Document Builder for the Web Era from Trellix Corp. (featuring software to create Web documents).', 'www.pandi.hp.com/pandi-db/prodinfo.main?product=laserjet1100', 3, NULL, NULL, NULL),
	(27, 3, 'Hewlett Packard LaserJet 1100Xi', 'HP has always set the pace in laser printing technology. The new generation HP LaserJet 1100 series sets another impressive pace, delivering a stunning 8 pages per minute print speed. The 600 dpi print resolution with HP\'s Resolution Enhancement technology (REt) makes every document more professional.<br /><br />Enhanced print speed and laser quality results are just the beginning. With 2MB standard memory, HP LaserJet 1100xi users will be able to print increasingly complex pages. Memory can be increased to 18MB to tackle even more complex documents with ease. The HP LaserJet 1100xi supports key operating systems including Windows 3.1, 3.11, 95, 98, NT 4.0, OS/2 and DOS. Network compatibility available via the optional HP JetDirect External Print Servers.<br /><br />HP LaserJet 1100xi also features The Document Builder for the Web Era from Trellix Corp. (featuring software to create Web documents).', 'www.pandi.hp.com/pandi-db/prodinfo.main?product=laserjet1100', 0, NULL, NULL, NULL),
	(28, 1, 'Samsung Galaxy Tab', '<p>Powered by a Cortex A8 1.0GHz application processor, the Samsung GALAXY Tab is designed to deliver high performance whenever and wherever you are. At the same time, HD video contents are supported by a wide range of multimedia formats (DivX, XviD, MPEG4, H.263, H.264 and more), which maximizes the joy of entertainment.</p><p>With 3G HSPA connectivity, 802.11n Wi-Fi, and Bluetooth 3.0, the Samsung GALAXY Tab enhances users\' mobile communication on a whole new level. Video conferencing and push email on the large 7-inch display make communication more smooth and efficient. For voice telephony, the Samsung GALAXY Tab turns out to be a perfect speakerphone on the desk, or a mobile phone on the move via Bluetooth headset.</p>', 'http://galaxytab.samsungmobile.com', 2, NULL, NULL, NULL),
	(28, 3, 'Samsung Galaxy Tab', '<p>Powered by a Cortex A8 1.0GHz application processor, the Samsung GALAXY Tab is designed to deliver high performance whenever and wherever you are. At the same time, HD video contents are supported by a wide range of multimedia formats (DivX, XviD, MPEG4, H.263, H.264 and more), which maximizes the joy of entertainment.</p><p>With 3G HSPA connectivity, 802.11n Wi-Fi, and Bluetooth 3.0, the Samsung GALAXY Tab enhances users\' mobile communication on a whole new level. Video conferencing and push email on the large 7-inch display make communication more smooth and efficient. For voice telephony, the Samsung GALAXY Tab turns out to be a perfect speakerphone on the desk, or a mobile phone on the move via Bluetooth headset.</p>', 'http://galaxytab.samsungmobile.com', 0, NULL, NULL, NULL);
/*!40000 ALTER TABLE `products_description` ENABLE KEYS */;

-- Dumping structure for table alfurat-responsive.products_images
CREATE TABLE IF NOT EXISTS `products_images` (
  `id` int(11) NOT NULL AUTO_INCREMENT,
  `products_id` int(11) NOT NULL,
  `image` varchar(64) COLLATE utf8_unicode_ci DEFAULT NULL,
  `htmlcontent` text COLLATE utf8_unicode_ci,
  `sort_order` int(11) NOT NULL,
  PRIMARY KEY (`id`),
  KEY `products_images_prodid` (`products_id`)
) ENGINE=InnoDB AUTO_INCREMENT=13 DEFAULT CHARSET=utf8 COLLATE=utf8_unicode_ci;

-- Dumping data for table alfurat-responsive.products_images: ~12 rows (approximately)
/*!40000 ALTER TABLE `products_images` DISABLE KEYS */;
INSERT INTO `products_images` (`id`, `products_id`, `image`, `htmlcontent`, `sort_order`) VALUES
	(1, 28, 'samsung/galaxy_tab_1.jpg', NULL, 1),
	(2, 28, 'samsung/galaxy_tab_2.jpg', NULL, 2),
	(3, 28, 'samsung/galaxy_tab_3.jpg', NULL, 3),
	(4, 28, 'samsung/galaxy_tab_4.jpg', '<iframe width="560" height="315" src="http://www.youtube.com/embed/tAbsmHMAhrQ" frameborder="0" allowfullscreen></iframe>', 4),
	(5, 17, 'dvd/speed_large.jpg', NULL, 1),
	(6, 12, 'dvd/die_hard_3_large.jpg', NULL, 1),
	(7, 11, 'dvd/fire_down_below_large.jpg', NULL, 1),
	(8, 13, 'dvd/lethal_weapon_large.jpg', NULL, 1),
	(9, 18, 'dvd/speed_2_large.jpg', NULL, 1),
	(10, 6, 'dvd/the_matrix_large.jpg', NULL, 1),
	(11, 4, 'dvd/replacement_killers_large.jpg', NULL, 1),
	(12, 9, 'dvd/under_siege_large.jpg', NULL, 1);
/*!40000 ALTER TABLE `products_images` ENABLE KEYS */;

-- Dumping structure for table alfurat-responsive.products_notifications
CREATE TABLE IF NOT EXISTS `products_notifications` (
  `products_id` int(11) NOT NULL,
  `customers_id` int(11) NOT NULL,
  `date_added` datetime NOT NULL,
  PRIMARY KEY (`products_id`,`customers_id`)
) ENGINE=InnoDB DEFAULT CHARSET=utf8 COLLATE=utf8_unicode_ci;

-- Dumping data for table alfurat-responsive.products_notifications: ~0 rows (approximately)
/*!40000 ALTER TABLE `products_notifications` DISABLE KEYS */;
/*!40000 ALTER TABLE `products_notifications` ENABLE KEYS */;

-- Dumping structure for table alfurat-responsive.products_options
CREATE TABLE IF NOT EXISTS `products_options` (
  `products_options_id` int(11) NOT NULL DEFAULT '0',
  `language_id` int(11) NOT NULL DEFAULT '1',
  `products_options_name` varchar(32) COLLATE utf8_unicode_ci NOT NULL DEFAULT '',
  PRIMARY KEY (`products_options_id`,`language_id`)
) ENGINE=InnoDB DEFAULT CHARSET=utf8 COLLATE=utf8_unicode_ci;

-- Dumping data for table alfurat-responsive.products_options: ~10 rows (approximately)
/*!40000 ALTER TABLE `products_options` DISABLE KEYS */;
INSERT INTO `products_options` (`products_options_id`, `language_id`, `products_options_name`) VALUES
	(1, 1, 'Color'),
	(1, 3, 'Color'),
	(2, 1, 'Size'),
	(2, 3, 'Size'),
	(3, 1, 'Model'),
	(3, 3, 'Model'),
	(4, 1, 'Memory'),
	(4, 3, 'Memory'),
	(5, 1, 'Version'),
	(5, 3, 'Version');
/*!40000 ALTER TABLE `products_options` ENABLE KEYS */;

-- Dumping structure for table alfurat-responsive.products_options_values
CREATE TABLE IF NOT EXISTS `products_options_values` (
  `products_options_values_id` int(11) NOT NULL DEFAULT '0',
  `language_id` int(11) NOT NULL DEFAULT '1',
  `products_options_values_name` varchar(64) COLLATE utf8_unicode_ci NOT NULL DEFAULT '',
  PRIMARY KEY (`products_options_values_id`,`language_id`)
) ENGINE=InnoDB DEFAULT CHARSET=utf8 COLLATE=utf8_unicode_ci;

-- Dumping data for table alfurat-responsive.products_options_values: ~22 rows (approximately)
/*!40000 ALTER TABLE `products_options_values` DISABLE KEYS */;
INSERT INTO `products_options_values` (`products_options_values_id`, `language_id`, `products_options_values_name`) VALUES
	(1, 1, '4 mb'),
	(1, 3, '4 mb'),
	(2, 1, '8 mb'),
	(2, 3, '8 mb'),
	(3, 1, '16 mb'),
	(3, 3, '16 mb'),
	(4, 1, '32 mb'),
	(4, 3, '32 mb'),
	(5, 1, 'Value'),
	(5, 3, 'Value'),
	(6, 1, 'Premium'),
	(6, 3, 'Premium'),
	(7, 1, 'Deluxe'),
	(7, 3, 'Deluxe'),
	(8, 1, 'PS/2'),
	(8, 3, 'PS/2'),
	(9, 1, 'USB'),
	(9, 3, 'USB'),
	(10, 1, 'Download: Windows - English'),
	(10, 3, 'Download: Windows - English'),
	(13, 1, 'Box: Windows - English'),
	(13, 3, 'Box: Windows - English');
/*!40000 ALTER TABLE `products_options_values` ENABLE KEYS */;

-- Dumping structure for table alfurat-responsive.products_options_values_to_products_options
CREATE TABLE IF NOT EXISTS `products_options_values_to_products_options` (
  `products_options_values_to_products_options_id` int(11) NOT NULL AUTO_INCREMENT,
  `products_options_id` int(11) NOT NULL,
  `products_options_values_id` int(11) NOT NULL,
  PRIMARY KEY (`products_options_values_to_products_options_id`)
) ENGINE=InnoDB AUTO_INCREMENT=14 DEFAULT CHARSET=utf8 COLLATE=utf8_unicode_ci;

-- Dumping data for table alfurat-responsive.products_options_values_to_products_options: ~11 rows (approximately)
/*!40000 ALTER TABLE `products_options_values_to_products_options` DISABLE KEYS */;
INSERT INTO `products_options_values_to_products_options` (`products_options_values_to_products_options_id`, `products_options_id`, `products_options_values_id`) VALUES
	(1, 4, 1),
	(2, 4, 2),
	(3, 4, 3),
	(4, 4, 4),
	(5, 3, 5),
	(6, 3, 6),
	(7, 3, 7),
	(8, 3, 8),
	(9, 3, 9),
	(10, 5, 10),
	(13, 5, 13);
/*!40000 ALTER TABLE `products_options_values_to_products_options` ENABLE KEYS */;

-- Dumping structure for table alfurat-responsive.products_to_categories
CREATE TABLE IF NOT EXISTS `products_to_categories` (
  `products_id` int(11) NOT NULL,
  `categories_id` int(11) NOT NULL,
  PRIMARY KEY (`products_id`,`categories_id`)
) ENGINE=InnoDB DEFAULT CHARSET=utf8 COLLATE=utf8_unicode_ci;

-- Dumping data for table alfurat-responsive.products_to_categories: ~28 rows (approximately)
/*!40000 ALTER TABLE `products_to_categories` DISABLE KEYS */;
INSERT INTO `products_to_categories` (`products_id`, `categories_id`) VALUES
	(1, 4),
	(2, 4),
	(3, 9),
	(4, 10),
	(5, 11),
	(6, 10),
	(7, 12),
	(8, 13),
	(9, 10),
	(10, 10),
	(11, 10),
	(12, 10),
	(13, 10),
	(14, 15),
	(15, 14),
	(16, 15),
	(17, 10),
	(18, 10),
	(19, 12),
	(20, 15),
	(21, 18),
	(22, 19),
	(23, 20),
	(24, 20),
	(25, 8),
	(26, 9),
	(27, 5),
	(28, 21);
/*!40000 ALTER TABLE `products_to_categories` ENABLE KEYS */;

-- Dumping structure for table alfurat-responsive.reviews
CREATE TABLE IF NOT EXISTS `reviews` (
  `reviews_id` int(11) NOT NULL AUTO_INCREMENT,
  `products_id` int(11) NOT NULL,
  `customers_id` int(11) DEFAULT NULL,
  `customers_name` varchar(255) COLLATE utf8_unicode_ci NOT NULL,
  `reviews_rating` int(1) DEFAULT NULL,
  `date_added` datetime DEFAULT NULL,
  `last_modified` datetime DEFAULT NULL,
  `reviews_status` tinyint(1) NOT NULL DEFAULT '0',
  `reviews_read` int(5) NOT NULL DEFAULT '0',
  PRIMARY KEY (`reviews_id`),
  KEY `idx_reviews_products_id` (`products_id`),
  KEY `idx_reviews_customers_id` (`customers_id`)
) ENGINE=InnoDB AUTO_INCREMENT=2 DEFAULT CHARSET=utf8 COLLATE=utf8_unicode_ci;

-- Dumping data for table alfurat-responsive.reviews: ~0 rows (approximately)
/*!40000 ALTER TABLE `reviews` DISABLE KEYS */;
INSERT INTO `reviews` (`reviews_id`, `products_id`, `customers_id`, `customers_name`, `reviews_rating`, `date_added`, `last_modified`, `reviews_status`, `reviews_read`) VALUES
	(1, 19, 0, 'John Doe', 5, '2018-07-12 11:37:47', NULL, 1, 0);
/*!40000 ALTER TABLE `reviews` ENABLE KEYS */;

-- Dumping structure for table alfurat-responsive.reviews_description
CREATE TABLE IF NOT EXISTS `reviews_description` (
  `reviews_id` int(11) NOT NULL,
  `languages_id` int(11) NOT NULL,
  `reviews_text` text COLLATE utf8_unicode_ci NOT NULL,
  PRIMARY KEY (`reviews_id`,`languages_id`)
) ENGINE=InnoDB DEFAULT CHARSET=utf8 COLLATE=utf8_unicode_ci;

-- Dumping data for table alfurat-responsive.reviews_description: ~0 rows (approximately)
/*!40000 ALTER TABLE `reviews_description` DISABLE KEYS */;
INSERT INTO `reviews_description` (`reviews_id`, `languages_id`, `reviews_text`) VALUES
	(1, 1, 'This has to be one of the funniest movies released for 1999!');
/*!40000 ALTER TABLE `reviews_description` ENABLE KEYS */;

-- Dumping structure for table alfurat-responsive.sec_directory_whitelist
CREATE TABLE IF NOT EXISTS `sec_directory_whitelist` (
  `id` int(11) NOT NULL AUTO_INCREMENT,
  `directory` varchar(255) COLLATE utf8_unicode_ci NOT NULL,
  PRIMARY KEY (`id`)
) ENGINE=InnoDB AUTO_INCREMENT=14 DEFAULT CHARSET=utf8 COLLATE=utf8_unicode_ci;

-- Dumping data for table alfurat-responsive.sec_directory_whitelist: ~13 rows (approximately)
/*!40000 ALTER TABLE `sec_directory_whitelist` DISABLE KEYS */;
INSERT INTO `sec_directory_whitelist` (`id`, `directory`) VALUES
	(1, 'admin/backups'),
	(2, 'admin/images/graphs'),
	(3, 'images'),
	(4, 'images/banners'),
	(5, 'images/dvd'),
	(6, 'images/gt_interactive'),
	(7, 'images/hewlett_packard'),
	(8, 'images/matrox'),
	(9, 'images/microsoft'),
	(10, 'images/samsung'),
	(11, 'images/sierra'),
	(12, 'includes/work'),
	(13, 'pub');
/*!40000 ALTER TABLE `sec_directory_whitelist` ENABLE KEYS */;

-- Dumping structure for table alfurat-responsive.sessions
CREATE TABLE IF NOT EXISTS `sessions` (
  `sesskey` varchar(128) COLLATE utf8_unicode_ci NOT NULL,
  `expiry` int(11) unsigned NOT NULL,
  `value` text COLLATE utf8_unicode_ci NOT NULL,
  PRIMARY KEY (`sesskey`)
) ENGINE=InnoDB DEFAULT CHARSET=utf8 COLLATE=utf8_unicode_ci;

-- Dumping data for table alfurat-responsive.sessions: ~2 rows (approximately)
/*!40000 ALTER TABLE `sessions` DISABLE KEYS */;
INSERT INTO `sessions` (`sesskey`, `expiry`, `value`) VALUES
	('64rgnvl356gpq4p324985ftcl2', 1532600013, 'sessiontoken|s:32:"118e128278aae7cfed652aeef158854d";cart|O:12:"shoppingCart":5:{s:8:"contents";a:0:{}s:5:"total";i:0;s:6:"weight";i:0;s:6:"cartID";s:5:"90875";s:12:"content_type";b:0;}language|s:7:"english";languages_id|s:1:"1";currency|s:3:"USD";navigation|O:17:"navigationHistory":2:{s:4:"path";a:1:{i:0;a:4:{s:4:"page";s:9:"index.php";s:4:"mode";s:6:"NONSSL";s:3:"get";a:0:{}s:4:"post";a:0:{}}}s:8:"snapshot";a:4:{s:4:"page";s:21:"checkout_shipping.php";s:4:"mode";s:6:"NONSSL";s:3:"get";a:0:{}s:4:"post";a:0:{}}}new_products_id_in_cart|i:26;'),
	('fnf39os7inj7gvv07mgj75sgp0', 1532599716, 'language|s:7:"english";languages_id|s:1:"1";admin|a:2:{s:2:"id";s:1:"1";s:8:"username";s:5:"admin";}');
/*!40000 ALTER TABLE `sessions` ENABLE KEYS */;

-- Dumping structure for table alfurat-responsive.slides
CREATE TABLE IF NOT EXISTS `slides` (
  `slides_id` int(11) NOT NULL AUTO_INCREMENT,
  `slides_url` varchar(255) COLLATE utf8_unicode_ci NOT NULL,
  `slides_image` varchar(64) COLLATE utf8_unicode_ci NOT NULL,
  `slides_group` varchar(64) COLLATE utf8_unicode_ci NOT NULL,
  `date_added` datetime NOT NULL,
  `date_status_change` datetime DEFAULT NULL,
  `status` int(1) NOT NULL DEFAULT '1',
  PRIMARY KEY (`slides_id`),
  KEY `idx_slides_group` (`slides_group`)
) ENGINE=InnoDB AUTO_INCREMENT=7 DEFAULT CHARSET=utf8 COLLATE=utf8_unicode_ci;

-- Dumping data for table alfurat-responsive.slides: ~4 rows (approximately)
/*!40000 ALTER TABLE `slides` DISABLE KEYS */;
INSERT INTO `slides` (`slides_id`, `slides_url`, `slides_image`, `slides_group`, `date_added`, `date_status_change`, `status`) VALUES
	(3, '', '160816_ALFurat_banner_1.jpg', 'gruposlider1', '2018-07-12 13:35:36', NULL, 1),
	(4, '', '160819_ALFurat_banner_2.jpg', 'gruposlider1', '2018-07-12 13:36:01', NULL, 1),
	(5, '', '160822_ALFurat_banner_3.jpg', 'gruposlider1', '2018-07-12 13:36:21', NULL, 1),
	(6, '', '160816_ALFurat_banner_1.jpg', 'gruposlider1', '2018-07-12 13:37:53', NULL, 1);
/*!40000 ALTER TABLE `slides` ENABLE KEYS */;

-- Dumping structure for table alfurat-responsive.slides_description
CREATE TABLE IF NOT EXISTS `slides_description` (
  `slides_id` int(11) NOT NULL AUTO_INCREMENT,
  `language_id` int(11) NOT NULL DEFAULT '1',
  `slides_title` varchar(64) COLLATE utf8_unicode_ci NOT NULL,
  `slides_description` text COLLATE utf8_unicode_ci,
  PRIMARY KEY (`slides_id`,`language_id`),
  KEY `slides_title` (`slides_title`)
) ENGINE=InnoDB AUTO_INCREMENT=7 DEFAULT CHARSET=utf8 COLLATE=utf8_unicode_ci;

-- Dumping data for table alfurat-responsive.slides_description: ~8 rows (approximately)
/*!40000 ALTER TABLE `slides_description` DISABLE KEYS */;
INSERT INTO `slides_description` (`slides_id`, `language_id`, `slides_title`, `slides_description`) VALUES
	(3, 1, 'slider1', ''),
	(3, 2, '', ''),
	(4, 1, 'slider2', ''),
	(4, 2, '', ''),
	(5, 1, 'slider3', ''),
	(5, 2, '', ''),
	(6, 1, '', ''),
	(6, 2, '', '');
/*!40000 ALTER TABLE `slides_description` ENABLE KEYS */;

-- Dumping structure for table alfurat-responsive.specials
CREATE TABLE IF NOT EXISTS `specials` (
  `specials_id` int(11) NOT NULL AUTO_INCREMENT,
  `products_id` int(11) NOT NULL,
  `specials_new_products_price` decimal(15,4) NOT NULL,
  `specials_date_added` datetime DEFAULT NULL,
  `specials_last_modified` datetime DEFAULT NULL,
  `expires_date` datetime DEFAULT NULL,
  `date_status_change` datetime DEFAULT NULL,
  `status` int(1) NOT NULL DEFAULT '1',
  PRIMARY KEY (`specials_id`),
  KEY `idx_specials_products_id` (`products_id`)
) ENGINE=InnoDB AUTO_INCREMENT=5 DEFAULT CHARSET=utf8 COLLATE=utf8_unicode_ci;

-- Dumping data for table alfurat-responsive.specials: ~4 rows (approximately)
/*!40000 ALTER TABLE `specials` DISABLE KEYS */;
INSERT INTO `specials` (`specials_id`, `products_id`, `specials_new_products_price`, `specials_date_added`, `specials_last_modified`, `expires_date`, `date_status_change`, `status`) VALUES
	(1, 3, 39.9900, '2018-07-12 11:37:47', NULL, NULL, NULL, 1),
	(2, 5, 30.0000, '2018-07-12 11:37:47', NULL, NULL, NULL, 1),
	(3, 6, 30.0000, '2018-07-12 11:37:47', NULL, NULL, NULL, 1),
	(4, 16, 29.9900, '2018-07-12 11:37:47', NULL, NULL, NULL, 1);
/*!40000 ALTER TABLE `specials` ENABLE KEYS */;

-- Dumping structure for table alfurat-responsive.tax_class
CREATE TABLE IF NOT EXISTS `tax_class` (
  `tax_class_id` int(11) NOT NULL AUTO_INCREMENT,
  `tax_class_title` varchar(32) COLLATE utf8_unicode_ci NOT NULL,
  `tax_class_description` varchar(255) COLLATE utf8_unicode_ci NOT NULL,
  `last_modified` datetime DEFAULT NULL,
  `date_added` datetime NOT NULL,
  PRIMARY KEY (`tax_class_id`)
) ENGINE=InnoDB AUTO_INCREMENT=2 DEFAULT CHARSET=utf8 COLLATE=utf8_unicode_ci;

-- Dumping data for table alfurat-responsive.tax_class: ~0 rows (approximately)
/*!40000 ALTER TABLE `tax_class` DISABLE KEYS */;
INSERT INTO `tax_class` (`tax_class_id`, `tax_class_title`, `tax_class_description`, `last_modified`, `date_added`) VALUES
	(1, 'Taxable Goods', 'The following types of products are included non-food, services, etc', '2018-07-12 11:37:47', '2018-07-12 11:37:47');
/*!40000 ALTER TABLE `tax_class` ENABLE KEYS */;

-- Dumping structure for table alfurat-responsive.tax_rates
CREATE TABLE IF NOT EXISTS `tax_rates` (
  `tax_rates_id` int(11) NOT NULL AUTO_INCREMENT,
  `tax_zone_id` int(11) NOT NULL,
  `tax_class_id` int(11) NOT NULL,
  `tax_priority` int(5) DEFAULT '1',
  `tax_rate` decimal(7,4) NOT NULL,
  `tax_description` varchar(255) COLLATE utf8_unicode_ci NOT NULL,
  `last_modified` datetime DEFAULT NULL,
  `date_added` datetime NOT NULL,
  PRIMARY KEY (`tax_rates_id`)
) ENGINE=InnoDB AUTO_INCREMENT=2 DEFAULT CHARSET=utf8 COLLATE=utf8_unicode_ci;

-- Dumping data for table alfurat-responsive.tax_rates: ~0 rows (approximately)
/*!40000 ALTER TABLE `tax_rates` DISABLE KEYS */;
INSERT INTO `tax_rates` (`tax_rates_id`, `tax_zone_id`, `tax_class_id`, `tax_priority`, `tax_rate`, `tax_description`, `last_modified`, `date_added`) VALUES
	(1, 1, 1, 1, 7.0000, 'FL TAX 7.0%', '2018-07-12 11:37:47', '2018-07-12 11:37:47');
/*!40000 ALTER TABLE `tax_rates` ENABLE KEYS */;

-- Dumping structure for table alfurat-responsive.testimonials
CREATE TABLE IF NOT EXISTS `testimonials` (
  `testimonials_id` int(11) NOT NULL AUTO_INCREMENT,
  `customers_name` varchar(255) COLLATE utf8_unicode_ci NOT NULL,
  `date_added` datetime DEFAULT NULL,
  `last_modified` datetime DEFAULT NULL,
  `testimonials_status` tinyint(1) NOT NULL DEFAULT '1',
  PRIMARY KEY (`testimonials_id`)
) ENGINE=InnoDB DEFAULT CHARSET=utf8 COLLATE=utf8_unicode_ci;

-- Dumping data for table alfurat-responsive.testimonials: ~0 rows (approximately)
/*!40000 ALTER TABLE `testimonials` DISABLE KEYS */;
/*!40000 ALTER TABLE `testimonials` ENABLE KEYS */;

-- Dumping structure for table alfurat-responsive.testimonials_description
CREATE TABLE IF NOT EXISTS `testimonials_description` (
  `testimonials_id` int(11) NOT NULL,
  `languages_id` int(11) NOT NULL,
  `testimonials_text` text COLLATE utf8_unicode_ci NOT NULL,
  PRIMARY KEY (`testimonials_id`,`languages_id`)
) ENGINE=InnoDB DEFAULT CHARSET=utf8 COLLATE=utf8_unicode_ci;

-- Dumping data for table alfurat-responsive.testimonials_description: ~0 rows (approximately)
/*!40000 ALTER TABLE `testimonials_description` DISABLE KEYS */;
/*!40000 ALTER TABLE `testimonials_description` ENABLE KEYS */;

-- Dumping structure for table alfurat-responsive.whos_online
CREATE TABLE IF NOT EXISTS `whos_online` (
  `customer_id` int(11) DEFAULT NULL,
  `full_name` varchar(255) COLLATE utf8_unicode_ci NOT NULL,
  `session_id` varchar(128) COLLATE utf8_unicode_ci NOT NULL,
  `ip_address` varchar(15) COLLATE utf8_unicode_ci NOT NULL,
  `time_entry` varchar(14) COLLATE utf8_unicode_ci NOT NULL,
  `time_last_click` varchar(14) COLLATE utf8_unicode_ci NOT NULL,
  `last_page_url` text COLLATE utf8_unicode_ci NOT NULL,
  KEY `idx_whos_online_session_id` (`session_id`)
) ENGINE=InnoDB DEFAULT CHARSET=utf8 COLLATE=utf8_unicode_ci;

-- Dumping data for table alfurat-responsive.whos_online: ~1 rows (approximately)
/*!40000 ALTER TABLE `whos_online` DISABLE KEYS */;
INSERT INTO `whos_online` (`customer_id`, `full_name`, `session_id`, `ip_address`, `time_entry`, `time_last_click`, `last_page_url`) VALUES
	(0, 'Guest', '64rgnvl356gpq4p324985ftcl2', '127.0.0.1', '1532599511', '1532600013', '/index.php');
/*!40000 ALTER TABLE `whos_online` ENABLE KEYS */;

-- Dumping structure for table alfurat-responsive.zones
CREATE TABLE IF NOT EXISTS `zones` (
  `zone_id` int(11) NOT NULL AUTO_INCREMENT,
  `zone_country_id` int(11) NOT NULL,
  `zone_code` varchar(32) COLLATE utf8_unicode_ci NOT NULL,
  `zone_name` varchar(255) COLLATE utf8_unicode_ci NOT NULL,
  PRIMARY KEY (`zone_id`),
  KEY `idx_zones_country_id` (`zone_country_id`)
) ENGINE=InnoDB AUTO_INCREMENT=182 DEFAULT CHARSET=utf8 COLLATE=utf8_unicode_ci;

-- Dumping data for table alfurat-responsive.zones: ~181 rows (approximately)
/*!40000 ALTER TABLE `zones` DISABLE KEYS */;
INSERT INTO `zones` (`zone_id`, `zone_country_id`, `zone_code`, `zone_name`) VALUES
	(1, 223, 'AL', 'Alabama'),
	(2, 223, 'AK', 'Alaska'),
	(3, 223, 'AS', 'American Samoa'),
	(4, 223, 'AZ', 'Arizona'),
	(5, 223, 'AR', 'Arkansas'),
	(6, 223, 'AF', 'Armed Forces Africa'),
	(7, 223, 'AA', 'Armed Forces Americas'),
	(8, 223, 'AC', 'Armed Forces Canada'),
	(9, 223, 'AE', 'Armed Forces Europe'),
	(10, 223, 'AM', 'Armed Forces Middle East'),
	(11, 223, 'AP', 'Armed Forces Pacific'),
	(12, 223, 'CA', 'California'),
	(13, 223, 'CO', 'Colorado'),
	(14, 223, 'CT', 'Connecticut'),
	(15, 223, 'DE', 'Delaware'),
	(16, 223, 'DC', 'District of Columbia'),
	(17, 223, 'FM', 'Federated States Of Micronesia'),
	(18, 223, 'FL', 'Florida'),
	(19, 223, 'GA', 'Georgia'),
	(20, 223, 'GU', 'Guam'),
	(21, 223, 'HI', 'Hawaii'),
	(22, 223, 'ID', 'Idaho'),
	(23, 223, 'IL', 'Illinois'),
	(24, 223, 'IN', 'Indiana'),
	(25, 223, 'IA', 'Iowa'),
	(26, 223, 'KS', 'Kansas'),
	(27, 223, 'KY', 'Kentucky'),
	(28, 223, 'LA', 'Louisiana'),
	(29, 223, 'ME', 'Maine'),
	(30, 223, 'MH', 'Marshall Islands'),
	(31, 223, 'MD', 'Maryland'),
	(32, 223, 'MA', 'Massachusetts'),
	(33, 223, 'MI', 'Michigan'),
	(34, 223, 'MN', 'Minnesota'),
	(35, 223, 'MS', 'Mississippi'),
	(36, 223, 'MO', 'Missouri'),
	(37, 223, 'MT', 'Montana'),
	(38, 223, 'NE', 'Nebraska'),
	(39, 223, 'NV', 'Nevada'),
	(40, 223, 'NH', 'New Hampshire'),
	(41, 223, 'NJ', 'New Jersey'),
	(42, 223, 'NM', 'New Mexico'),
	(43, 223, 'NY', 'New York'),
	(44, 223, 'NC', 'North Carolina'),
	(45, 223, 'ND', 'North Dakota'),
	(46, 223, 'MP', 'Northern Mariana Islands'),
	(47, 223, 'OH', 'Ohio'),
	(48, 223, 'OK', 'Oklahoma'),
	(49, 223, 'OR', 'Oregon'),
	(50, 223, 'PW', 'Palau'),
	(51, 223, 'PA', 'Pennsylvania'),
	(52, 223, 'PR', 'Puerto Rico'),
	(53, 223, 'RI', 'Rhode Island'),
	(54, 223, 'SC', 'South Carolina'),
	(55, 223, 'SD', 'South Dakota'),
	(56, 223, 'TN', 'Tennessee'),
	(57, 223, 'TX', 'Texas'),
	(58, 223, 'UT', 'Utah'),
	(59, 223, 'VT', 'Vermont'),
	(60, 223, 'VI', 'Virgin Islands'),
	(61, 223, 'VA', 'Virginia'),
	(62, 223, 'WA', 'Washington'),
	(63, 223, 'WV', 'West Virginia'),
	(64, 223, 'WI', 'Wisconsin'),
	(65, 223, 'WY', 'Wyoming'),
	(66, 38, 'AB', 'Alberta'),
	(67, 38, 'BC', 'British Columbia'),
	(68, 38, 'MB', 'Manitoba'),
	(69, 38, 'NF', 'Newfoundland'),
	(70, 38, 'NB', 'New Brunswick'),
	(71, 38, 'NS', 'Nova Scotia'),
	(72, 38, 'NT', 'Northwest Territories'),
	(73, 38, 'NU', 'Nunavut'),
	(74, 38, 'ON', 'Ontario'),
	(75, 38, 'PE', 'Prince Edward Island'),
	(76, 38, 'QC', 'Quebec'),
	(77, 38, 'SK', 'Saskatchewan'),
	(78, 38, 'YT', 'Yukon Territory'),
	(79, 81, 'NDS', 'Niedersachsen'),
	(80, 81, 'BAW', 'Baden-Württemberg'),
	(81, 81, 'BAY', 'Bayern'),
	(82, 81, 'BER', 'Berlin'),
	(83, 81, 'BRG', 'Brandenburg'),
	(84, 81, 'BRE', 'Bremen'),
	(85, 81, 'HAM', 'Hamburg'),
	(86, 81, 'HES', 'Hessen'),
	(87, 81, 'MEC', 'Mecklenburg-Vorpommern'),
	(88, 81, 'NRW', 'Nordrhein-Westfalen'),
	(89, 81, 'RHE', 'Rheinland-Pfalz'),
	(90, 81, 'SAR', 'Saarland'),
	(91, 81, 'SAS', 'Sachsen'),
	(92, 81, 'SAC', 'Sachsen-Anhalt'),
	(93, 81, 'SCN', 'Schleswig-Holstein'),
	(94, 81, 'THE', 'Thüringen'),
	(95, 14, 'WI', 'Wien'),
	(96, 14, 'NO', 'Niederösterreich'),
	(97, 14, 'OO', 'Oberösterreich'),
	(98, 14, 'SB', 'Salzburg'),
	(99, 14, 'KN', 'Kärnten'),
	(100, 14, 'ST', 'Steiermark'),
	(101, 14, 'TI', 'Tirol'),
	(102, 14, 'BL', 'Burgenland'),
	(103, 14, 'VB', 'Voralberg'),
	(104, 204, 'AG', 'Aargau'),
	(105, 204, 'AI', 'Appenzell Innerrhoden'),
	(106, 204, 'AR', 'Appenzell Ausserrhoden'),
	(107, 204, 'BE', 'Bern'),
	(108, 204, 'BL', 'Basel-Landschaft'),
	(109, 204, 'BS', 'Basel-Stadt'),
	(110, 204, 'FR', 'Freiburg'),
	(111, 204, 'GE', 'Genf'),
	(112, 204, 'GL', 'Glarus'),
	(113, 204, 'JU', 'Graubünden'),
	(114, 204, 'JU', 'Jura'),
	(115, 204, 'LU', 'Luzern'),
	(116, 204, 'NE', 'Neuenburg'),
	(117, 204, 'NW', 'Nidwalden'),
	(118, 204, 'OW', 'Obwalden'),
	(119, 204, 'SG', 'St. Gallen'),
	(120, 204, 'SH', 'Schaffhausen'),
	(121, 204, 'SO', 'Solothurn'),
	(122, 204, 'SZ', 'Schwyz'),
	(123, 204, 'TG', 'Thurgau'),
	(124, 204, 'TI', 'Tessin'),
	(125, 204, 'UR', 'Uri'),
	(126, 204, 'VD', 'Waadt'),
	(127, 204, 'VS', 'Wallis'),
	(128, 204, 'ZG', 'Zug'),
	(129, 204, 'ZH', 'Zürich'),
	(130, 195, 'A Coruña', 'A Coruña'),
	(131, 195, 'Alava', 'Alava'),
	(132, 195, 'Albacete', 'Albacete'),
	(133, 195, 'Alicante', 'Alicante'),
	(134, 195, 'Almeria', 'Almeria'),
	(135, 195, 'Asturias', 'Asturias'),
	(136, 195, 'Avila', 'Avila'),
	(137, 195, 'Badajoz', 'Badajoz'),
	(138, 195, 'Baleares', 'Baleares'),
	(139, 195, 'Barcelona', 'Barcelona'),
	(140, 195, 'Burgos', 'Burgos'),
	(141, 195, 'Caceres', 'Caceres'),
	(142, 195, 'Cadiz', 'Cadiz'),
	(143, 195, 'Cantabria', 'Cantabria'),
	(144, 195, 'Castellon', 'Castellon'),
	(145, 195, 'Ceuta', 'Ceuta'),
	(146, 195, 'Ciudad Real', 'Ciudad Real'),
	(147, 195, 'Cordoba', 'Cordoba'),
	(148, 195, 'Cuenca', 'Cuenca'),
	(149, 195, 'Girona', 'Girona'),
	(150, 195, 'Granada', 'Granada'),
	(151, 195, 'Guadalajara', 'Guadalajara'),
	(152, 195, 'Guipuzcoa', 'Guipuzcoa'),
	(153, 195, 'Huelva', 'Huelva'),
	(154, 195, 'Huesca', 'Huesca'),
	(155, 195, 'Jaen', 'Jaen'),
	(156, 195, 'La Rioja', 'La Rioja'),
	(157, 195, 'Las Palmas', 'Las Palmas'),
	(158, 195, 'Leon', 'Leon'),
	(159, 195, 'Lleida', 'Lleida'),
	(160, 195, 'Lugo', 'Lugo'),
	(161, 195, 'Madrid', 'Madrid'),
	(162, 195, 'Malaga', 'Malaga'),
	(163, 195, 'Melilla', 'Melilla'),
	(164, 195, 'Murcia', 'Murcia'),
	(165, 195, 'Navarra', 'Navarra'),
	(166, 195, 'Ourense', 'Ourense'),
	(167, 195, 'Palencia', 'Palencia'),
	(168, 195, 'Pontevedra', 'Pontevedra'),
	(169, 195, 'Salamanca', 'Salamanca'),
	(170, 195, 'Santa Cruz de Tenerife', 'Santa Cruz de Tenerife'),
	(171, 195, 'Segovia', 'Segovia'),
	(172, 195, 'Sevilla', 'Sevilla'),
	(173, 195, 'Soria', 'Soria'),
	(174, 195, 'Tarragona', 'Tarragona'),
	(175, 195, 'Teruel', 'Teruel'),
	(176, 195, 'Toledo', 'Toledo'),
	(177, 195, 'Valencia', 'Valencia'),
	(178, 195, 'Valladolid', 'Valladolid'),
	(179, 195, 'Vizcaya', 'Vizcaya'),
	(180, 195, 'Zamora', 'Zamora'),
	(181, 195, 'Zaragoza', 'Zaragoza');
/*!40000 ALTER TABLE `zones` ENABLE KEYS */;

-- Dumping structure for table alfurat-responsive.zones_to_geo_zones
CREATE TABLE IF NOT EXISTS `zones_to_geo_zones` (
  `association_id` int(11) NOT NULL AUTO_INCREMENT,
  `zone_country_id` int(11) NOT NULL,
  `zone_id` int(11) DEFAULT NULL,
  `geo_zone_id` int(11) DEFAULT NULL,
  `last_modified` datetime DEFAULT NULL,
  `date_added` datetime NOT NULL,
  PRIMARY KEY (`association_id`),
  KEY `idx_zones_to_geo_zones_country_id` (`zone_country_id`)
) ENGINE=InnoDB AUTO_INCREMENT=2 DEFAULT CHARSET=utf8 COLLATE=utf8_unicode_ci;

-- Dumping data for table alfurat-responsive.zones_to_geo_zones: ~0 rows (approximately)
/*!40000 ALTER TABLE `zones_to_geo_zones` DISABLE KEYS */;
INSERT INTO `zones_to_geo_zones` (`association_id`, `zone_country_id`, `zone_id`, `geo_zone_id`, `last_modified`, `date_added`) VALUES
	(1, 223, 18, 1, NULL, '2018-07-12 11:37:47');
/*!40000 ALTER TABLE `zones_to_geo_zones` ENABLE KEYS */;

/*!40101 SET SQL_MODE=IFNULL(@OLD_SQL_MODE, '') */;
/*!40014 SET FOREIGN_KEY_CHECKS=IF(@OLD_FOREIGN_KEY_CHECKS IS NULL, 1, @OLD_FOREIGN_KEY_CHECKS) */;
/*!40101 SET CHARACTER_SET_CLIENT=@OLD_CHARACTER_SET_CLIENT */;
